id;estudo;registro;fonte_tipo;fonte_url;populacao;bracos;desfecho_primario_tipo;hr_ic95_primario;valores_absolutos_primario;sg_resultado;sg_maturidade;margem_ni;paises_centros;anvisa;anvisa_fonte;conitec;status;nota
1;RASolute-302;NCT06625320;plenaria LBA5 + NEJM (doi:10.1056/NEJMoa2605555);https://ascopost.com/news/june-2026/daraxonrasib-nearly-doubles-survival-in-previously-treated-metastatic-pancreatic-cancer/;ADC pancreas metastatico apos 1 linha; n=500;daraxonrasibe 300 mg/dia x QT escolha investigador;SG (duplo: RAS G12 e ITT);ITT 0,40 (0,30-0,53); G12 0,40 (0,30-0,54);ITT 13,2 x 6,7 m; G12 13,2 x 6,6 m;SG = primario;seguimento 8,5 m; eventos verificar;n/a;6 paises, 59 centros;vermelho;https://atlaspublico.com.br/camara/noticias/deputada-tabata-amaral-protocola-pedido-de-informacoes-83824 (secundaria);n/a;CONFIRMADO;6,7 m e do ITT; G12 controle 6,6 m
2;LIBRETTO-432;NCT04819100;LBA (LBA3 segundo ASCO Post) + NEJM;https://ascopost.com/news/june-2026/adjuvant-selpercatinib-improves-event-free-survival-in-ret-positive-early-stage-nsclc/;CPNPC RET+ IB-IIIA ressecado/RT; primario II-IIIA n=109 (total 151);selpercatinibe 160 mg 2x/dia ate 3 anos x placebo;EFS investigador (II-IIIA);0,172 (0,058-0,509);EFS 24 m 91,5 x 61,1%; mediana NR x 31,8 m;0 x 3 obitos;imatura;n/a;22 paises, 65 centros;amarelo;https://bula.com.br/retsevmo/para-que-serve (copia de bula);verificar;CONFIRMADO;HR 0,165 na populacao total
3;BREAKWATER coorte 3;NCT04607421;oral LBA3503;https://www.onclive.com/view/breakwater-cohort-3-data-support-folfiri-as-a-chemo-backbone-with-encorafenib-cetuximab-in-braf-v600e-mcrc;CCRm BRAF V600E 1a linha; n=147;encorafenibe+cetuximabe+FOLFIRI x FOLFIRI+-bevacizumabe;ORR + SLP BICR;SLP 0,44 (0,27-0,70);SLP 15,2 x 8,3 m; ORR 64,4 x 39,2%;NR x 20,3 m; HR 0,56 (0,34-0,94);imatura (~20,6 m);n/a;verificar;verde (confirmar);https://www.pfizer.com.br/files/Braftovi_Profissional_de_Saude_20.pdf;verificar;CORRIGIDO;HR do primario e 0,44; 0,56 e da SG
4;PROTEUS (apalutamida perioperatoria, prostata);NCT03767244;plenaria LBA1 + NEJM (doi:10.1056/NEJMoa2603878);https://ascopost.com/news/june-2026/proteus-trial-suggests-perioperative-apalutamide-may-improve-outcomes-in-high-risk-localized-prostate-cancer/;prostata localizada alto risco candidata a PR; n=2109;apalutamida+ADT x placebo+ADT (6 m antes e 6 m apos PR);pCR/MRD + MFS (duplo);MFS 0,80 (0,67-0,96); pCR OR 10,17 (5,27-19,64);MFS 5 a 78,2 x 73,5%; pCR/MRD 8,9 x 1,0%;nao reportada;seguimento 61,7 m;n/a;18 paises; centros verificar;amarelo;bula.com.br/erleada (secundaria);incorporada so nmCRPC (Rel. 912/2024); indicacao perioperatoria nao avaliada;CORRIGIDO;EFS 57,1 x 38,4 m HR 0,71 (0,63-0,80) e secundario
5;HARMONi-6;NCT05840016;plenaria LBA4 (SG); SLP Lancet 2025;https://www.cancernetwork.com/view/ivonescimab-chemotherapy-improves-os-squamous-nsclc-harmoni-6;CPNPC escamoso IIIB-IV 1a linha sem EGFR/ALK; n=532; so China;ivonescimabe+PC x tislelizumabe+PC;SLP;0,60 (0,46-0,78);11,1 x 6,9 m;27,89 x 23,69 m; HR 0,66 (0,50-0,87);interina pre-especificada, 204 eventos, significativa;n/a;China; centros verificar;vermelho (verificar);nao consultado na base;verificar;CORRIGIDO;SG foi reportada e positiva (interina)
6;OPTIMA;ISRCTN42400492;oral abstract 500 (JCO 2026;44(16_suppl):500);https://www.onclive.com/view/ibcfs-with-prosigna-guided-adjuvant-therapy-is-noninferior-to-chemoendocrine-therapy-in-er-her2-early-breast-cancer;RE+ HER2- inicial alto risco, idade >=40 (limite superior verificar); n~4429;QT+HT x conduta guiada por Prosigna (ROR<=60 so HT);IBCFS 5 a (nao inferioridade);PP HR 1,03 (IC90% 0,85-1,25); ITT HR 0,99 (IC90% 0,81-1,20);PP 91,8 x 90,3%; ITT 91,0 x 90,4% (controle 91,5% verificar);nao reportada;seguimento ~4 a;3% absoluto (3,5% subgrupo ROR<=60; 2% em Curetoday verificar);UK, Noruega, Suecia, Australia, NZ, Tailandia; centros verificar;verificar;nao encontrado;nao incorporado (verificar);CORRIGIDO;HR com IC 90%; margem 3%
7;TMC-I;CTRI/2024/01/061661 (sem NCT);LBA6007;https://www.onclive.com/view/tmc-i-improves-os-over-paclitaxel-carboplatin-in-platinum-sensitive-recurrent-metastatic-hnscc;CEC cabeca e pescoco R/M platino-sensivel 1a linha, ECOG 0-2; n=422; India;MTX+erlotinibe+celecoxibe+nivolumabe 20 mg x paclitaxel+carboplatina;SG (NI depois superioridade);0,57 (0,44-0,73);10,32 x 6,21 m;SG = primario;eventos verificar;verificar;India; centros verificar;amarelo;https://bula.com.br/opdivo (secundaria);nivolumabe CCP nao incorporado (Rel. 918; Portaria 37/2024);CORRIGIDO;HR 0,57 (nao 0,565); estudo indiano
8;OptiTROP-Lung05;NCT06448312;oral 8506 + Lancet 2026 (doi:10.1016/S0140-6736(26)00968-2);https://www.onclive.com/view/optitrop-lung05-shows-pfs-benefit-with-first-line-sac-tmt-plus-pembrolizumab-in-pd-l1-nsclc;CPNPC IIIB-IV 1a linha PD-L1>=1% sem EGFR/ALK; n=413;sac-TMT+pembrolizumabe x pembrolizumabe;SLP BICR;0,35 (0,26-0,47);NR x 5,7 m; 12 m 62,4 x 29,0%;HR 0,55 (0,36-0,85) descritiva;imatura;n/a;China, 68 hospitais;vermelho (verificar);nao encontrado;verificar;CORRIGIDO;mediana experimental nao atingida
9;TROPION-Breast02;NCT05374512;primario ESMO 2025 LBA21 + Ann Oncol 2026 (doi:10.1016/j.annonc.2026.03.008); ASCO 2026 abstract 1002 (TFST/PFS2);https://www.emjreviews.com/oncology/congress-review/asco-2026-highlights-in-breast-cancer-research-j33126/;TNBC metastatico 1a linha nao candidata a anti-PD-(L)1; n=644;Dato-DXd x QT escolha investigador;SLP BICR + SG (duplo);SLP 0,57 (IC99% 0,44-0,73); SG 0,79 (0,64-0,98);SLP 10,8 x 5,6 m; SG 23,7 x 18,7 m;23,7 x 18,7 m;final, significativa;n/a;verificar;verde (confirmar DOU);https://portal.afya.com.br/saude/anvisa-amplia-indicacoes-de-dois-medicamentos-para-novos-tipos-de-cancer (Res. 1.896/2026, secundaria);verificar;CONFIRMADO;apresentacao primaria foi ESMO 2025
10;ROSELLA;NCT05257408;SG final SGO 2026 LBA01 + Lancet 2026;407:1513-1524; ASCO 2026 oral 5503;https://ascopost.com/news/may-2026/relacorilant-plus-nab-paclitaxel-improves-overall-survival-in-platinum-resistant-ovarian-cancer;ovario platino-resistente, 1-3 linhas, bevacizumabe previo; n=381;relacorilante+nab-paclitaxel x nab-paclitaxel;SLP BICR;0,70 (0,54-0,91);6,54 x 5,52 m;final 16,0 x 11,9 m; HR 0,65 (0,51-0,83);final, 76% eventos (interina: 15,97 x 11,50; HR 0,69);n/a;14 paises, 117 centros;vermelho (verificar);nao encontrado;verificar;CORRIGIDO;conflito = interina x final; usar final
11;Trastuzumabe rezetecano CCR (HORIZON-CRC-01);NCT06199973;oral 3505;https://ascopost.com/news/september-2026/trastuzumab-rezetecan-improves-progression-free-survival-in-chemotherapy-refractory-her2-positive-advanced-colorectal-cancer/;CCR HER2+ RAS/RAF selvagem apos 2 linhas; n=130;T-rezetecano 4,8 mg/kg x TAS-102/fruquintinibe/regorafenibe;SLP IRC;0,33 (0,21-0,53);5,5 x 2,8 m;NR x NR; HR 0,77 (0,35-1,73);imatura (9,6 m);n/a;China; centros verificar;vermelho (verificar);nao encontrado;n/a;CONFIRMADO;
12;EMERALD-3 (CHC);NCT05301842;LBA4000;https://www.cancernetwork.com/view/emerald-3-trial-shows-improved-pfs-in-unresectable-liver-cancer;CHC irressecavel elegivel a TACE, Child-Pugh A; n=760;STRIDE+lenvatinibe+TACE x STRIDE+TACE x TACE;SLP BICR (A x C);0,70 (0,57-0,86);13,0 x 9,8 m;A x C 39,5 x 34,7 m; HR 0,84 (0,65-1,09);interina, nao testada (40,3%);n/a;22 paises, 171 centros;amarelo (verificar);nao consultado na base;verificar;CONFIRMADO;nao confundir com EMERALD (elacestranto)
13;SARC041;NCT04967521;plenaria LBA2;https://www.onclive.com/view/abemaciclib-produces-first-positive-phase-3-trial-result-in-dedifferentiated-liposarcoma;lipossarcoma desdiferenciado recorrente/metastatico; n=108;abemaciclibe 200 mg 2x/dia x placebo;SLP;0,38 (IC90% 0,25-0,59);9,7 x 1,5 m;NR x 25,5 m; HR 0,55 (0,28-1,07);imatura; cruzamento 85%;n/a;EUA, 9 centros;amarelo;bula Verzenios (verificar);verificar;CORRIGIDO;numeros preenchidos; patrocinador SARC
14;KEYNOTE-942 / mRNA-4157-P201 (5 anos);NCT03897881;abstract 9500 + JCO (doi:10.1200/JCO-26-00835);https://ascopost.com/news/june-2026/vaccine-plus-pembrolizumab-reduces-risk-of-recurrence-in-high-risk-resected-melanoma/;melanoma ressecado IIIB-IV; n=157;intismerano+pembrolizumabe x pembrolizumabe;SFR (fase IIb);0,51 (0,29-0,89);5 a 68,8 x 49,1%;5 a 92,2 x 71,3%; HR 0,47 (0,17-1,35);exploratoria;n/a;verificar;vermelho (intismerano);nao encontrado;nao avaliado;CONFIRMADO;INTerpath-001 positivo por press release 19/08/2026, sem numeros
15;Neo-CRAG;NCT01815853;ASCO 2026 LBA (numero verificar);https://oncodaily.com/gastrointestinal-oncology/asco-2026-gi;adenocarcinoma gastrico/JEG localmente avancado; n=620;QRT+XELOX peri x XELOX peri;SLD 3 anos;0,750 (IC verificar);55,6 x 42,4%;5 a 50,1 x 44,2%; HR 0,781 (IC verificar);madura (69,7 m), secundaria;n/a;China; centros verificar;amarelo (verificar);bulas capecitabina/oxaliplatina;XELOX no DDT 2018; QRT pre-op verificar;CORRIGIDO;SG e secundaria; estudo SOX+RT chines negativo (Cancer Commun 2026)
