n,emergencia,proposto,topico_id,topico,variante,acr_top_ua,ano_revisao_rotulo,onco_geral,modalidade,contraste,escopo,evidencia,status_v2,status_v1,link_ratings,link_narrativa,topicos_proxy_extra,nota
1,Compressão medular metastática,RM coluna inteira s/c gadolínio,339,Thoracic Back Pain,V5 (dor torácica ± mielopatia; suspeita de câncer/infecção/imunossupressão; inicial),RM torácica s/c [9]; RM s/ [7],New 2024,"ONCO (cita ""suspicion of cancer"")",match,match,broader,PROXY,PARTIAL,CONFIRMED,https://acsearch.acr.org/list/GenerateAppendixPDF?TopicId=339&PanelName=Neurologic,https://acsearch.acr.org/docs/3195158/Narrative/,141 https://acsearch.acr.org/list/GenerateAppendixPDF?TopicId=141&PanelName=Neurologic ; 142 https://acsearch.acr.org/list/GenerateAppendixPDF?TopicId=142&PanelName=Neurologic,"ACR avalia por região (""thoracic""/""lumbar""/""area of interest""); ""coluna inteira"" não é procedimento nessas variantes. NICE NG234 1.5.5 respalda coluna inteira (sagital T1/STIR + T2). Mesma lógica em LBP V7 [9] e Myelopathy V1 (s/c [9] = s/ [9])."
29,Cauda equina / plexo lombossacro,RM lombossacra c/ gadolínio,141,Low Back Pain,"V4 (suspeita de síndrome da cauda equina; inicial) + Plexopathy V6 (plexopatia LS, malignidade conhecida)","V4: RM lombar s/ [9]; s/c [7]; ""MRI lumbar spine with IV contrast"" = UNA [3]. V6: RM plexo LS s/c [9]; RM lombar s/c = MB [6]; RM lombar c/ = UNA [1]",New 2021,"GERAL (V4) / ONCO (V6 ""known malignancy"")",match,mismatch,mismatch-região,EXATO,DIVERGENT,DIVERGENT,https://acsearch.acr.org/list/GenerateAppendixPDF?TopicId=141&PanelName=Neurologic,https://acsearch.acr.org/docs/69483/Narrative/,145 https://acsearch.acr.org/list/GenerateAppendixPDF?TopicId=145&PanelName=Neurologic,"Leitura literal ""c/"" = ACR ""with IV contrast"" (só pós-contraste) = UNA em V4 e V6. Plexo: ACR pede RM dedicada do plexo, não da coluna. Sugestão: separar em dois cenários."
13,Fratura patológica,TC + RM (SINS coluna / Mirels ossos longos),171,Management of Vertebral Compression Fractures,V2 (FCV sintomática nova; história de malignidade; próximo exame),RM s/c [9]; TC s/ [7]; RM s/ [7],Revised 2022,"ONCO (cita ""History of malignancy"")",match,NA,match,EXATO,CONFIRMED,CONFIRMED (coluna)/UNKNOWN (ossos longos),https://acsearch.acr.org/list/GenerateAppendixPDF?TopicId=171&PanelName=Musculoskeletal,https://acsearch.acr.org/docs/70545/Narrative/,108 https://acsearch.acr.org/list/GenerateAppendixPDF?TopicId=108&PanelName=Thoracic,Contraste não especificado na proposta. Componente ossos longos/Mirels: sem tópico ACR = UNKNOWN. Costela patológica: Rib Fractures V3 (RX tórax [8]; TC s/ [7]; cintilografia [7]). SINS e Mirels não são itens do ACR AC.
2,Síndrome da VCS,AngioTC tórax fase venosa,356,Thoracic Venous Occlusions–Suspected SVC Syndrome,V1 (oclusão aguda de VCS/braquiocefálica; inicial),CTV tórax c/ [9]; TC tórax c/ [8]; 6 outros UA [7],New 2025,GERAL,match,match,match,EXATO,CONFIRMED,CONFIRMED,https://acsearch.acr.org/list/GenerateAppendixPDF?TopicId=356&PanelName=Vascular,https://acsearch.acr.org/docs/3196043/Narrative/,,
3,Tamponamento cardíaco,Ecocardiograma transtorácico,66,Dyspnea–Suspected Cardiac Origin,V3 (dispneia por suspeita de doença pericárdica; inicial),ETT em repouso [9]; TC cardíaca c/ [7]; RM cardíaca s/c [7]; RX tórax [7],New 2021,GERAL,match,NA,match,PROXY,CONFIRMED-PROXY,CONFIRMED,https://acsearch.acr.org/list/GenerateAppendixPDF?TopicId=66&PanelName=Cardiac,https://acsearch.acr.org/docs/69407/Narrative/,,"Não existe variante ""tamponamento""."
5,Metástase cerebral com herniação,RM crânio c/ gadolínio (TC s/ triagem),271,"Altered Mental Status, Coma, Delirium, and Psychosis",V1 (suspeita de patologia intracraniana/déficit focal; inicial) + V2 (patologia intracraniana conhecida),V1: TC crânio s/ [9] (único UA); RM s/c = MB [5]; RM c/ = UNA [1]. V2: TC s/ [7] = RM s/ [7] = RM s/c [7]; RM c/ = UNA [2],Revised 2024,GERAL (Headache V7 cita câncer: RM s/c [9]; RM c/ = UNA [1]),match,mismatch,match,PROXY,DIVERGENT,CONFIRMED,https://acsearch.acr.org/list/GenerateAppendixPDF?TopicId=271&PanelName=Neurologic,https://acsearch.acr.org/docs/3102409/Narrative/,140 https://acsearch.acr.org/list/GenerateAppendixPDF?TopicId=140&PanelName=Neurologic ; 336 https://acsearch.acr.org/list/GenerateAppendixPDF?TopicId=336&PanelName=Neurologic,"DIVERGÊNCIA TERMINOLÓGICA: ""RM c/ gadolínio"" lido literalmente = ""MRI head with IV contrast"" (UNA em V1, V2 e Headache V7). Se a proposta quis dizer ""s/c"" → CONFIRMED-PROXY (TC s/ primeiro; RM s/c depois)."
30,Hidrocefalia obstrutiva (adulto),TC crânio s/ + RM,—,Sem tópico (só Hydrocephalus-Child e NPH em Dementia),—,—,NA,NA,NA,NA,NA,NENHUMA,NO_ACR_TOPIC,NO_ACR_TOPIC,UNKNOWN (sem tópico),,271 https://acsearch.acr.org/list/GenerateAppendixPDF?TopicId=271&PanelName=Neurologic ; 140 https://acsearch.acr.org/list/GenerateAppendixPDF?TopicId=140&PanelName=Neurologic,"Proxies só como contexto: AMS V2 (TC s/ [7], RM s/ [7], RM s/c [7]); Headache V4 (RM s/c [8]; TC s/ [7])."
20a,Derrame pleural maligno,TC tórax c/ + US,300,Workup of Pleural Effusion or Pleural Disease,V3 (suspeita de derrame não infeccioso; inicial),RX tórax [9]; TC tórax c/ [7]; US tórax = MB [5],New 2023,GERAL,mismatch,match,match,EXATO,DIVERGENT,DIVERGENT,https://acsearch.acr.org/list/GenerateAppendixPDF?TopicId=300&PanelName=Thoracic,https://acsearch.acr.org/docs/3158179/Narrative/,,BTS 2023 diverge do ACR: US torácico em toda apresentação e TC tórax+abdome+pelve se suspeita de malignidade.
20b,Pneumotórax hipertensivo,Clínico; RX/US se estável,—,Sem variante adulta,—,—,NA,NA,NA,NA,NA,NENHUMA,NO_ACR_TOPIC,NO_ACR_TOPIC,UNKNOWN (sem tópico),,347 https://acsearch.acr.org/list/GenerateAppendixPDF?TopicId=347&PanelName=Pediatric ; 110 https://acsearch.acr.org/list/GenerateAppendixPDF?TopicId=110&PanelName=Thoracic,Proxies: Chest Pain–Child V2 (RX [9]); ICU V3 (RX portátil [9]; US = MB [5]).
14,Obstrução de via aérea central,TC tórax multiplanar,342,Tracheobronchial Disease,V1 (suspeita de estenose traqueal/brônquica; inicial),TC tórax s/ [8]; TC tórax c/ [7]; RX [7],New 2024,GERAL,match,NA,match,EXATO,CONFIRMED,CONFIRMED,https://acsearch.acr.org/list/GenerateAppendixPDF?TopicId=342&PanelName=Thoracic,https://acsearch.acr.org/docs/3195161/Narrative/,,Proposta não especifica contraste; o ACR põe TC s/ no topo.
7,Obstrução intestinal maligna,TC abd/pelve c/ IV,134,Suspected Small-Bowel Obstruction,V1 (aguda; inicial),TC abd/pelve c/ [9] (único UA),New 2019,GERAL,match,match,match,EXATO,CONFIRMED,CONFIRMED,https://acsearch.acr.org/list/GenerateAppendixPDF?TopicId=134&PanelName=Gastrointestinal,https://acsearch.acr.org/docs/69476/Narrative/,,Variante não é específica de etiologia maligna.
28,Obstrução da saída gástrica,TC c/ IV,289,Epigastric Pain,"V1 (dor epigástrica aguda, fonte GI alta; inicial)",TC abdome c/ [8] = TC abd/pelve c/ [8] = TC tórax+abdome c/ [8]; TC tórax s/c [7],2026 (inferido),GERAL,match,match,NA,PROXY,CONFIRMED-PROXY,CONFIRMED-PROXY,https://acsearch.acr.org/list/GenerateAppendixPDF?TopicId=289&PanelName=Gastrointestinal,https://doi.org/10.1016/j.jacr.2026.05.003,,Região não especificada na proposta. Os ratings vêm da versão 2026 do tópico (a V1 da versão 2021 era refluxo/esofagite).
11,Uropatia obstrutiva,TC/uroTC; US 1ª linha,150,Renal Failure,V1 (IRA não especificada; inicial),US rins/retroperitônio [8] (único UA); TC s/ = MB [5],New 2020,GERAL,match,NA,NA,PROXY,CONFIRMED-PROXY,CONFIRMED,https://acsearch.acr.org/list/GenerateAppendixPDF?TopicId=150&PanelName=Urologic,https://acsearch.acr.org/docs/69492/Narrative/,315 https://acsearch.acr.org/list/GenerateAppendixPDF?TopicId=315&PanelName=Urologic,2º passo: Hydronephrosis V3: uroTC s/c [7] = uroRM s/c [7] = MAG3 [7] = US Doppler [7].
12,Obstrução biliar / colangite,ColangioRM; US triagem,155,Jaundice,V2 (suspeita de obstrução mecânica),TC abdome c/ [8] = RM s/c + CPRM [8]; CPRM s/ [7]; US [7],New 2018,GERAL,match,NA,match,EXATO,CONFIRMED,CONFIRMED,https://acsearch.acr.org/list/GenerateAppendixPDF?TopicId=155&PanelName=Gastrointestinal,https://acsearch.acr.org/docs/69497/Narrative/,132 https://acsearch.acr.org/list/GenerateAppendixPDF?TopicId=132&PanelName=Gastrointestinal,"V1 (sem predisposição): US [9]. RUQ Pain V4 (febre, US neg.): RM s/c+CPRM [8]. Contraste da colangioRM não especificado."
8,Perfuração de víscera oca,TC abdome c/ IV,125,Acute Nonlocalized Abdominal Pain,V4 (não especificada; inicial),TC abd/pelve c/ [9]; TC abd/pelve s/ [7]; RM s/c [7],New 2018,GERAL,match,match,narrower,PROXY,PARTIAL,CONFIRMED-PROXY,https://acsearch.acr.org/list/GenerateAppendixPDF?TopicId=125&PanelName=Gastrointestinal,https://acsearch.acr.org/docs/69467/Narrative/,,"O ACR só avalia ""abdomen and pelvis"". Se ""abdome"" = abdome total (abdome+pelve) → CONFIRMED-PROXY."
26,Perfuração por bevacizumabe,TC c/ IV,125,Acute Nonlocalized Abdominal Pain,V4,TC abd/pelve c/ [9],New 2018,GERAL,match,match,NA,PROXY,CONFIRMED-PROXY,CONFIRMED-PROXY,https://acsearch.acr.org/list/GenerateAppendixPDF?TopicId=125&PanelName=Gastrointestinal,https://acsearch.acr.org/docs/69467/Narrative/,,Sem variante específica de fármaco. Região não especificada.
24,Deiscência anastomótica,TC c/ IV + oral/retal,250,Anorectal Disease,V4 (complicação pós-proctectomia/colectomia com anastomose; inicial),TC abd/pelve c/ [8] = TC pelve c/ [8]; RM pelve s/c [7]; enema = MB [6],New 2021,GERAL,match,match,NA,EXATO,CONFIRMED,CONFIRMED,https://acsearch.acr.org/list/GenerateAppendixPDF?TopicId=250&PanelName=Gastrointestinal,https://acsearch.acr.org/docs/3102384/Narrative/,125 https://acsearch.acr.org/list/GenerateAppendixPDF?TopicId=125&PanelName=Gastrointestinal ; 330 https://acsearch.acr.org/list/GenerateAppendixPDF?TopicId=330&PanelName=Gastrointestinal,Contraste oral/retal não é item separado = UNKNOWN. Para anastomoses não colorretais: Acute Nonlocalized V2 (pós-op + febre: TC abd/pelve c/ [9]) e Bariatric V4 (TC abd/pelve c/ [8]) como PROXY.
27,Fístula traqueoesofágica / mediastinite,TC tórax c/ IV + oral hidrossolúvel; esofagograma,—,Sem tópico/variante,—,—,NA,NA,NA,NA,NA,NENHUMA,NO_ACR_TOPIC,NO_ACR_TOPIC,UNKNOWN (sem tópico),,129 https://acsearch.acr.org/list/GenerateAppendixPDF?TopicId=129&PanelName=Gastrointestinal,Proxy fraco: Dysphagia V5 (disfagia pós-op precoce): esofagograma single-contrast [8] > TC pescoço+tórax c/ [7].
9,Tiflite (enterocolite neutropênica),TC abdome c/ IV,125,Acute Nonlocalized Abdominal Pain,V3 (paciente neutropênico; inicial),TC abd/pelve c/ [9] (único UA),New 2018,GERAL (neutropênico; não cita câncer),match,match,narrower,PROXY,PARTIAL,CONFIRMED,https://acsearch.acr.org/list/GenerateAppendixPDF?TopicId=125&PanelName=Gastrointestinal,https://acsearch.acr.org/docs/69467/Narrative/,,"A variante não cita tiflite. ""abdome"" vs ""abdomen and pelvis"": idem #8."
23,Aspergilose angioinvasiva,"TC tórax ""alta resolução""",105,Acute Respiratory Illness in Immunocompromised Patients,V1 (inicial),RX tórax [9] (único UA); TC s/ = MB [6]; TC c/ = MB [6],New 2019,GERAL (imunocomprometido),mismatch,NA,match,PROXY,DIVERGENT,CONFIRMED,https://acsearch.acr.org/list/GenerateAppendixPDF?TopicId=105&PanelName=Thoracic,https://acsearch.acr.org/docs/69447/Narrative/,,"Como exame INICIAL, o ACR põe o RX. Na V2 (RX normal/inespecífico; próximo exame) a TC s/ é [9]: se o gate exigir RX prévio → CONFIRMED-PROXY."
21,Pielonefrite enfisematosa,TC s/ e c/ contraste,147,Acute Pyelonephritis,V2 (paciente complicado; inicial),TC abd/pelve c/ [8] (único UA); TC s/c = MB [5]; TC s/ = MB [4],Revised 2022,"GERAL (cita ""immune compromise"")",match,mismatch,NA,EXATO,DIVERGENT,DIVERGENT,https://acsearch.acr.org/list/GenerateAppendixPDF?TopicId=147&PanelName=Urologic,https://acsearch.acr.org/docs/69489/Narrative/,,"A TC s/c só é UA [8] com litíase/obstrução (V3). Não existe variante ""enfisematosa""."
22,Abscesso hepático,TC fase portal,311,Sepsis,V3 (sepse + dor abdominal; inicial),TC abd/pelve c/ [8] (único UA),New 2023,GERAL,match,match,NA,PROXY,CONFIRMED-PROXY,CONFIRMED-PROXY,https://acsearch.acr.org/list/GenerateAppendixPDF?TopicId=311&PanelName=Gastrointestinal,https://acsearch.acr.org/docs/3188086/Narrative/,125 https://acsearch.acr.org/list/GenerateAppendixPDF?TopicId=125&PanelName=Gastrointestinal,"""Fase portal"" não é item separado."
25,Gangrena de Fournier,TC c/ IV,221,"Suspected Osteomyelitis, Septic Arthritis, or Soft Tissue Infection",V7 (gás em partes moles / alta suspeita de fasciíte necrotizante),TC s/ [9]; TC c/ [8]; RM s/ [8]; RM s/c [8]; US = MB [5],New 2022,GERAL,match,mismatch,NA,EXATO,PARTIAL,CONFIRMED,https://acsearch.acr.org/list/GenerateAppendixPDF?TopicId=221&PanelName=Musculoskeletal,https://acsearch.acr.org/docs/3094201/Narrative/,,"UA [8], mas a TC de maior rating é a SEM contraste [9]."
4,TEP,AngioTC de artérias pulmonares,64,Suspected Pulmonary Embolism,V2/V3,CTA artérias pulmonares [9]; V/Q [7],New 2022,GERAL,match,match,match,EXATO,CONFIRMED,CONFIRMED,https://acsearch.acr.org/list/GenerateAppendixPDF?TopicId=64&PanelName=Cardiac,https://acsearch.acr.org/docs/69404/Narrative/,,
31,TVP,US Doppler com compressão,75,Suspected Lower Extremity DVT,V1 (+ UE DVT V1),US duplex Doppler [9],New 2018,GERAL,match,NA,NA,EXATO,CONFIRMED,CONFIRMED,https://acsearch.acr.org/list/GenerateAppendixPDF?TopicId=75&PanelName=Vascular,https://acsearch.acr.org/docs/69416/Narrative/,76 https://acsearch.acr.org/list/GenerateAppendixPDF?TopicId=76&PanelName=Vascular,"""Compressão"" não faz parte do nome do procedimento no ACR."
34,Trombose de seio venoso cerebral,VenoRM ou angioTC venosa,280,Cerebrovascular Diseases–Stroke,V7 (suspeita de TVC; inicial),TC s/ [9] = CTV [9] = MRV s/c [9]; RM s/ [8]; RM s/c [8]; MRV s/ [8],New 2023,GERAL,match,match,match,EXATO,CONFIRMED,CONFIRMED,https://acsearch.acr.org/list/GenerateAppendixPDF?TopicId=280&PanelName=Neurologic,https://acsearch.acr.org/docs/3149012/Narrative/,,
6,Hemorragia intratumoral cerebral,TC crânio s/,271,Altered Mental Status…,V1 (proxy),TC s/ [9],Revised 2024,GERAL,match,match,match,PROXY,CONFIRMED-PROXY,CONFIRMED-PROXY,https://acsearch.acr.org/list/GenerateAppendixPDF?TopicId=271&PanelName=Neurologic,https://acsearch.acr.org/docs/3102409/Narrative/,140 https://acsearch.acr.org/list/GenerateAppendixPDF?TopicId=140&PanelName=Neurologic ; 280 https://acsearch.acr.org/list/GenerateAppendixPDF?TopicId=280&PanelName=Neurologic,Outros proxies: Headache V1 (TC s/ [9]); Stroke V6 (HIP conhecida; seguimento: TC s/ [9]).
10,Ruptura de CHC,TC multifásica,—,Sem tópico/variante,—,—,NA,NA,NA,NA,NA,NENHUMA,NO_ACR_TOPIC,NO_ACR_TOPIC,UNKNOWN (sem tópico),,125 https://acsearch.acr.org/list/GenerateAppendixPDF?TopicId=125&PanelName=Gastrointestinal ; 302 https://acsearch.acr.org/list/GenerateAppendixPDF?TopicId=302&PanelName=Vascular,Proxies: Acute Nonlocalized V4 (TC c/ [9]); RP Bleed V1 (CTA [9]).
15,Hemoptise maciça,AngioTC tórax; arteriografia brônquica terapêutica,107,Hemoptysis,V1 (maciça; inicial),CTA tórax [8] = RX [8] = arteriografia brônquica c/ embolização [8]; TC c/ [7],New 2019,GERAL,match,match,match,EXATO,CONFIRMED,CONFIRMED,https://acsearch.acr.org/list/GenerateAppendixPDF?TopicId=107&PanelName=Thoracic,https://acsearch.acr.org/docs/69449/Narrative/,,
18,Isquemia mesentérica,AngioTC multifásica,178,Imaging of Mesenteric Ischemia,V1 (aguda; inicial),CTA abd/pelve [9] (único UA); TC c/ = MB [6]; TC s/c = UNA [3],New 2018,GERAL,match,match,NA,EXATO,CONFIRMED,CONFIRMED,https://acsearch.acr.org/list/GenerateAppendixPDF?TopicId=178&PanelName=Gastrointestinal,https://acsearch.acr.org/docs/70909/Narrative/,,"""Multifásica"" = UNKNOWN. Se incluir fase sem contraste, atenção: a TC s/c é UNA [3] nessa variante."
19,Blowout carotídeo,AngioTC cervical,—,Sem tópico,—,—,NA,NA,NA,NA,NA,NENHUMA,NO_ACR_TOPIC,NO_ACR_TOPIC,UNKNOWN (sem tópico),,162 https://acsearch.acr.org/list/GenerateAppendixPDF?TopicId=162&PanelName=Neurologic ; 233 https://acsearch.acr.org/list/GenerateAppendixPDF?TopicId=233&PanelName=Neurologic,"Proxies: Neck Mass V2 (TC pescoço c/ [9]; CTA [8]); Penetrating Neck Injury V1 (CTA [9]; tópico de 2017, sem rótulo de ano no acsearch)."
16,Pneumonite actínica / por ICI,TC alta resolução,284,Diffuse Lung Disease,V2 (DPD confirmada; exacerbação/deterioração aguda; inicial),TC tórax s/ [9]; RX [8]; TC c/ = MB [5],New 2021,GERAL,match,NA,match,PROXY,CONFIRMED-PROXY,CONFIRMED-PROXY,https://acsearch.acr.org/list/GenerateAppendixPDF?TopicId=284&PanelName=Thoracic,https://acsearch.acr.org/docs/3157911/Narrative/,105 https://acsearch.acr.org/list/GenerateAppendixPDF?TopicId=105&PanelName=Thoracic,Contraste não especificado. Variante trocada (v1 usava 105 V4). ESMO 2022 sugere HRCT COM contraste para IR-ILD (o ACR DLD V2 dá TC c/ = MB [5]): divergência entre diretrizes. Proxy alternativo 105 V1: RX [9].
17,Colite por ICI,TC c/ IV,—,Sem tópico/variante de colite em adulto,—,—,NA,NA,NA,NA,NA,NENHUMA,NO_ACR_TOPIC,NO_ACR_TOPIC,UNKNOWN (sem tópico),,125 https://acsearch.acr.org/list/GenerateAppendixPDF?TopicId=125&PanelName=Gastrointestinal,"ESMO 2022: TC NÃO é recomendada para DIAGNOSTICAR enterocolite imune [IV, E]. ASCO 2021: TC abd/pelve só para complicações."
32,PRES,RM FLAIR,—,Sem variante PRES,—,—,NA,NA,NA,NA,NA,NENHUMA,NO_ACR_TOPIC,NO_ACR_TOPIC,UNKNOWN (sem tópico),,137 https://acsearch.acr.org/list/GenerateAppendixPDF?TopicId=137&PanelName=Neurologic ; 140 https://acsearch.acr.org/list/GenerateAppendixPDF?TopicId=140&PanelName=Neurologic,"Busca nos PDFs por ""posterior reversible"": 0. Proxies: Seizures V1; Headache V6."
33,Hemorragia retroperitoneal,AngioTC multifásica,302,Suspected Retroperitoneal Bleed,V1 (inicial),CTA abd/pelve [9]; TC abd/pelve c/ [8]; TC s/c [7],New 2021,GERAL,match,match,NA,EXATO,CONFIRMED,CONFIRMED,https://acsearch.acr.org/list/GenerateAppendixPDF?TopicId=302&PanelName=Vascular,https://acsearch.acr.org/docs/3158181/Narrative/,,"""Multifásica"" = UNKNOWN (nesta variante a TC s/c é UA [7])."
