Grupo,Cenário,Trial,População/cenário,Braços (exp vs controle),Desfecho primário,SLP (mediana exp vs ctrl; HR; IC95%),SG (mediana ou landmark; HR),SLR/SLD/TRO/outros,Redução do risco ((1−HR)×100%; desfecho),Ganho absoluto,"Fonte (URL, ano, seguimento)",fonte
ESÔFAGO / JEG,Localizado – neoadjuvância/perioperatório/adjuvância,CROSS,"Esôfago/JEG ressecável cT1N1 ou cT2–3N0–1M0 (75% adenocarcinoma, 23% CEC)",QT-RT pré-op (carboplatina AUC2 + paclitaxel 50 mg/m² semanais ×5 + 41.4 Gy) + cirurgia vs cirurgia isolada,SG,—,"Primária (NEJM 2012): 49.4 vs 24.0 m; HR 0.657 (0.495–0.871). Longo prazo (Lancet Oncol 2015): 48.6 vs 24.0 m; HR 0.68 (0.53–0.88); CEC 81.6 vs 21.1 m, HR 0.48 (0.28–0.83); adeno 43.2 vs 27.1 m, HR 0.73 (0.55–0.98). 10 anos (JCO 2021): HR 0.70 (0.55–0.89); SG 10 anos 38% vs 25%",pCR 29% (47/161); R0 92% vs 69%; recidiva locorregional isolada HR 0.40 (0.21–0.72),SG: 32% (longo prazo); 30% (10 anos),SG +24.6 m (longo prazo); SG 10 anos +13 pp,NEJM 2012 https://pubmed.ncbi.nlm.nih.gov/22646630/; Lancet Oncol 2015 https://pubmed.ncbi.nlm.nih.gov/26254683/ (84.1 m); 10 anos JCO 2021 https://pubmed.ncbi.nlm.nih.gov/33891478/ (seguimento 147 m),https://pubmed.ncbi.nlm.nih.gov/22646630/; https://pubmed.ncbi.nlm.nih.gov/26254683/; https://pubmed.ncbi.nlm.nih.gov/33891478/
ESÔFAGO / JEG,Localizado – neoadjuvância/perioperatório/adjuvância,NEOCRTEC5010,CEC torácico localmente avançado T1–4N1M0/T4N0M0 (China),QT-RT neo (vinorelbina+cisplatina ×2 + 40 Gy) + cirurgia vs cirurgia isolada,SG,—,100.1 vs 66.5 m; HR 0.71 (0.53–0.96),SLD 100.1 vs 41.7 m; HR 0.58 (0.43–0.78); pCR 43.2%; R0 98.4% vs 91.2%,SG: 29%; SLD: 42%,SG +33.6 m; SLD +58.4 m,JCO 2018 https://pubmed.ncbi.nlm.nih.gov/30089078/ (seguimento UNKNOWN no abstract),https://pubmed.ncbi.nlm.nih.gov/30089078/
ESÔFAGO / JEG,Localizado – neoadjuvância/perioperatório/adjuvância,JCOG1109 NExT,"CEC localmente avançado, Japão (20–75 anos, ECOG 0–1)","Neo CF (cisplatina+5-FU) vs Neo DCF (docetaxel+CF) vs Neo CF-RT (41.4 Gy), seguidos de esofagectomia",SG,—,"SG 3 anos: DCF 72.1% vs CF 62.6%, HR 0.68 (0.50–0.92); CF-RT 68.3% vs CF, HR 0.84 (0.63–1.12) – NS",—,"SG: 32% (DCF); 16% (CF-RT, NS)","SG 3 anos +9.5 pp (DCF); +5.7 pp (CF-RT, NS)",Lancet 2024 https://pubmed.ncbi.nlm.nih.gov/38876133/ (seguimento 50.7 m),https://pubmed.ncbi.nlm.nih.gov/38876133/
ESÔFAGO / JEG,Localizado – neoadjuvância/perioperatório/adjuvância,ESOPEC,"Adenocarcinoma de esôfago ressecável (incl. JEG), cT1N+/cT2–4a","FLOT perioperatório vs QT-RT pré-op CROSS, ambos + cirurgia",SG,SLP 3 anos 51.6% vs 35.0%; HR 0.66 (0.51–0.85),SG 3 anos 57.4% vs 50.7%; HR 0.70 (0.53–0.92); medianas UNKNOWN no abstract,Mortalidade 90 dias pós-op 3.1% vs 5.6%,SG: 30%; SLP: 34%,SG 3 anos +6.7 pp; SLP 3 anos +16.6 pp,NEJM 2025 https://pubmed.ncbi.nlm.nih.gov/39842010/ (seguimento 55 m),https://pubmed.ncbi.nlm.nih.gov/39842010/
ESÔFAGO / JEG,Localizado – neoadjuvância/perioperatório/adjuvância,Neo-AEGIS,Adenocarcinoma de esôfago/JEG cT2–3 N0–3 M0,QT perioperatória (MAGIC modificado/FLOT) vs trimodal CROSS,SG (não inferioridade),—,48.0 vs 49.2 m; HR 1.03 (0.77–1.38); SG 3 anos 55% vs 57%,"SLD 32.4 vs 24.0 m; HR 0.89 (0.68–1.17); pCR, resposta patológica maior e R0 favoreceram CROSS (pCR OR 0.33)","NEGATIVO/sem diferença (HR 1.03); encerrado precocemente (futilidade/COVID), subpotente",SG −1.2 m (QT peri vs CROSS); SG 3 anos −2 pp,Lancet Gastroenterol Hepatol 2023 https://pubmed.ncbi.nlm.nih.gov/37734399/ (seguimento 38.8 m),https://pubmed.ncbi.nlm.nih.gov/37734399/
ESÔFAGO / JEG,Localizado – neoadjuvância/perioperatório/adjuvância,CheckMate 577,Esôfago/JEG estádio II–III ressecado (R0) com doença patológica residual após QT-RT neo,Nivolumabe 1 ano vs placebo (2:1),SLD,—,Final (ASCO 2025): 51.7 vs 35.3 m; HR 0.85 (IC 95.87% 0.70–1.04); p=0.1064 (NS); SG 3 anos 57% vs 50%; 5 anos 46% vs 41%,SLD primária: 22.4 vs 11.0 m; HR 0.69 (IC 96.4% 0.56–0.86). SLD final: 21.8 vs 10.8 m; HR 0.76 (0.63–0.91). SLMD 27.3 vs 14.6 m; HR 0.75 (0.62–0.90),SLD: 31% (primária) / 24% (final); SG: 15% (NS – sem ganho estatístico),SLD +11.4 m (primária); SG +16.4 m (NS); SG 5 anos +5 pp,NEJM 2021 https://pubmed.ncbi.nlm.nih.gov/33789008/ (24.4 m); SG final: abstract ASCO 2025 JCO 43(16_suppl):4000 https://ascopubs.org/doi/10.1200/JCO.2025.43.16_suppl.4000 (seguimento 78.3 m),https://pubmed.ncbi.nlm.nih.gov/33789008/; https://ascopubs.org/doi/10.1200/JCO.2025.43.16_suppl.4000
ESÔFAGO / JEG,Localizado – neoadjuvância/perioperatório/adjuvância,FLOT4 (JEG/gástrico),Adenocarcinoma gástrico ou JEG ressecável ≥cT2 e/ou cN+,FLOT perioperatório vs ECF/ECX,SG,—,50 vs 35 m; HR 0.77 (0.63–0.94),—,SG: 23%,SG +15 m,Lancet 2019 https://pubmed.ncbi.nlm.nih.gov/30982686/ (seguimento UNKNOWN no abstract),https://pubmed.ncbi.nlm.nih.gov/30982686/
ESÔFAGO / JEG,Localizado – neoadjuvância/perioperatório/adjuvância,MATTERHORN (JEG/gástrico),Adenocarcinoma gástrico ou JEG ressecável,Durvalumabe vs placebo + FLOT perioperatório → durvalumabe adjuvante,SLE,—,"SG 2 anos 75.7% vs 70.4% (NEJM 2025; HR por partes 0–12 m 0.99, ≥12 m 0.67). Final (Lancet 2026): HR 0.78 (0.63–0.96); p=0.021; medianas UNKNOWN",SLE 2 anos 67.4% vs 58.5%; HR 0.71 (0.58–0.86). pCR 19.2% vs 7.2% (RR 2.69),SLE: 29%; SG: 22% (final),SLE 2 anos +8.9 pp; SG 2 anos +5.3 pp; pCR +12.0 pp,NEJM 2025 https://pubmed.ncbi.nlm.nih.gov/40454643/ (31.5 m); SG final Lancet 2026 https://pubmed.ncbi.nlm.nih.gov/42716074/,https://pubmed.ncbi.nlm.nih.gov/40454643/; https://pubmed.ncbi.nlm.nih.gov/42716074/
ESÔFAGO / JEG,Localmente avançado irressecável – QT-RT definitiva,RTOG 85-01,Esôfago T1–3 N0–1 M0 (CEC ou adeno),QT-RT (cisplatina+5-FU + 50 Gy) vs RT isolada 64 Gy,SG,—,SG 5 anos 26% (15–37) vs 0%; HR UNKNOWN,Persistência de doença 26% vs 37%,UNKNOWN (HR não reportado),SG 5 anos +26 pp,JAMA 1999 https://pubmed.ncbi.nlm.nih.gov/10235156/ (seguimento ≥5 anos),https://pubmed.ncbi.nlm.nih.gov/10235156/
ESÔFAGO / JEG,Localmente avançado irressecável – QT-RT definitiva,ESO-Shanghai 1,"CEC localmente avançado, QT-RT definitiva (China)","Paclitaxel+5-FU vs cisplatina+5-FU, concomitantes à RT",SG,SLP 3 anos 43.7% vs 45.5%; HR 0.973 (0.762–1.243),SG 3 anos 55.4% vs 51.8%; HR 0.905 (0.698–1.172),—,NEGATIVO: SG 9.5% (NS),SG 3 anos +3.6 pp (NS); SLP −1.8 pp,JCO 2019 https://pubmed.ncbi.nlm.nih.gov/30920880/ (seguimento 48.7 m),https://pubmed.ncbi.nlm.nih.gov/30920880/
ESÔFAGO / JEG,Localmente avançado irressecável – QT-RT definitiva,KEYNOTE-975,"Esôfago/JEG localmente avançado irressecável (CEC/adeno), QT-RT definitiva",Pembrolizumabe vs placebo + QT-RT (FP ou FOLFOX),"SLE e SG (CPS≥10, CPS≥1, todos)",UNKNOWN,UNKNOWN,Comunicado Merck (30/04/2026): sem melhora estatisticamente significativa da SLE (desfecho primário); números UNKNOWN,NEGATIVO (SLE) – valores UNKNOWN,UNKNOWN,Comunicado de resultados Merck 1T2026 https://www.merck.com/news/merck-co-inc-rahway-n-j-usa-announces-first-quarter-2026-financial-results-highlights-significant-regulatory-approvals-and-clinical-milestones/ ; desenho Future Oncol 2021 https://pubmed.ncbi.nlm.nih.gov/33533655/ (dados completos previstos ESMO 2026; não publicados),https://www.merck.com/news/merck-co-inc-rahway-n-j-usa-announces-first-quarter-2026-financial-results-highlights-significant-regulatory-approvals-and-clinical-milestones/; https://pubmed.ncbi.nlm.nih.gov/33533655/
ESÔFAGO / JEG,Localmente avançado irressecável – QT-RT definitiva,KUNLUN,"CEC localmente avançado irressecável (estádio II–IVA), QT-RT definitiva",Durvalumabe vs placebo + QT-RT (2:1),SLP (BICR) – PD-L1 alto/todos,UNKNOWN,UNKNOWN,"Sem resultados publicados; NCT04550260 ativo, não recrutando (conclusão estimada 06/2027)",UNKNOWN,UNKNOWN,ClinicalTrials.gov https://clinicaltrials.gov/study/NCT04550260,https://clinicaltrials.gov/study/NCT04550260
ESÔFAGO / JEG,Avançado/metastático – 1ª linha,CheckMate 648,"CEC avançado/recorrente/metastático, 1ª linha",Nivolumabe+QT (cisplatina+5-FU) vs nivolumabe+ipilimumabe vs QT (1:1:1),SG e SLP (BICR) em PD-L1 TC≥1%,TC≥1%: nivo+QT HR 0.65 (IC 98.5% 0.46–0.92); nivo+ipi sem ganho. 5 anos: nivo+QT HR 0.67 (0.51–0.88); nivo+ipi HR 1.03 (0.78–1.35); medianas UNKNOWN,"Primária – TC≥1%: nivo+QT 15.4 vs 9.1 m, HR 0.54 (IC 99.5% 0.37–0.80); nivo+ipi 13.7 vs 9.1 m, HR 0.64 (IC 98.6% 0.46–0.90). Geral: nivo+QT 13.2 vs 10.7 m, HR 0.74 (IC 99.1% 0.58–0.96); nivo+ipi 12.7 vs 10.7 m, HR 0.78 (IC 98.2% 0.62–0.98). 5 anos: TC≥1% HR 0.62 (0.48–0.79) e 0.62 (0.48–0.80); geral HR 0.77 (0.65–0.92) ambos",—,"SG TC≥1%: 38% (5 anos, ambos); SG geral: 23% (5 anos); SLP nivo+QT TC≥1%: 35%",SG TC≥1% +6.3 m (nivo+QT) / +4.6 m (nivo+ipi); SG geral +2.5 / +2.0 m,NEJM 2022 https://pubmed.ncbi.nlm.nih.gov/35108470/ (mín. 13 m); 5 anos Ann Oncol 2026 https://pubmed.ncbi.nlm.nih.gov/42575473/ (seguimento mínimo 5 anos),https://pubmed.ncbi.nlm.nih.gov/35108470/; https://pubmed.ncbi.nlm.nih.gov/42575473/
ESÔFAGO / JEG,Avançado/metastático – 1ª linha,KEYNOTE-590,"Câncer de esôfago avançado (CEC ou adeno) ou JEG Siewert 1, 1ª linha",Pembrolizumabe vs placebo + cisplatina+5-FU,"SG e SLP (CEC CPS≥10, CEC, CPS≥10, todos)","CEC 6.3 vs 5.8 m, HR 0.65 (0.54–0.78); CPS≥10 7.5 vs 5.5 m, HR 0.51 (0.41–0.65); todos 6.3 vs 5.8 m, HR 0.65 (0.55–0.76). 5 anos: todos HR 0.64 (0.54–0.75)","Primária: CEC CPS≥10 13.9 vs 8.8 m, HR 0.57 (0.43–0.75); CEC 12.6 vs 9.8 m, HR 0.72 (0.60–0.88); CPS≥10 13.5 vs 9.4 m, HR 0.62 (0.49–0.78); todos 12.4 vs 9.8 m, HR 0.73 (0.62–0.86). 5 anos: todos 12.3 vs 9.8 m, HR 0.72 (0.62–0.84); SG 5 anos 10.6% vs 3.0%",—,SG todos: 28% (5 anos); CEC CPS≥10: 43%; SLP todos: 35%,SG todos +2.5 m; CEC CPS≥10 +5.1 m; SG 5 anos +7.6 pp; SLP +0.5 m,Lancet 2021 https://pubmed.ncbi.nlm.nih.gov/34454674/ (22.6 m); 5 anos ESMO Open 2025 https://pubmed.ncbi.nlm.nih.gov/41259897/,https://pubmed.ncbi.nlm.nih.gov/34454674/; https://pubmed.ncbi.nlm.nih.gov/41259897/
ESÔFAGO / JEG,Avançado/metastático – 1ª linha,ESCORT-1st,"CEC avançado/metastático, 1ª linha (China)",Camrelizumabe vs placebo + paclitaxel+cisplatina,SG e SLP,6.9 vs 5.6 m; HR 0.56 (0.46–0.68). SLP 2 anos (final) 20.4% vs 3.4%,Interina: 15.3 vs 12.0 m; HR 0.70 (0.56–0.88). Final: 15.6 vs 12.6 m; HR 0.70 (0.58–0.84); SG 3 anos 25.6% vs 12.8%,—,SG: 30%; SLP: 44%,SG +3.0 m (final); SG 3 anos +12.8 pp; SLP +1.3 m,JAMA 2021 https://pubmed.ncbi.nlm.nih.gov/34519801/ (10.8 m); final Med 2024 https://pubmed.ncbi.nlm.nih.gov/38870932/ (DCO 30/04/2022),https://pubmed.ncbi.nlm.nih.gov/34519801/; https://pubmed.ncbi.nlm.nih.gov/38870932/
ESÔFAGO / JEG,Avançado/metastático – 1ª linha,RATIONALE-306,"CEC avançado/metastático, 1ª linha (global)",Tislelizumabe vs placebo + QT (platina + fluoropirimidina ou paclitaxel),SG,UNKNOWN no abstract,17.2 vs 10.6 m; HR 0.66 (0.54–0.80),—,SG: 34%,SG +6.6 m,Lancet Oncol 2023 https://pubmed.ncbi.nlm.nih.gov/37080222/ (seguimento 16.3 vs 9.8 m),https://pubmed.ncbi.nlm.nih.gov/37080222/
ESÔFAGO / JEG,Avançado/metastático – 1ª linha,JUPITER-06,"CEC avançado, 1ª linha (China)",Toripalimabe vs placebo + paclitaxel+cisplatina,SLP e SG,HR 0.58 (0.46–0.74); medianas UNKNOWN no abstract,Interina HR 0.58 (0.43–0.78). Final: 17.7 vs 12.9 m; HR 0.72 (0.58–0.88); SG 3 anos 29.7% vs 19.9%,—,SG: 28% (final); SLP: 42%,SG +4.8 m (final); SG 3 anos +9.8 pp,Cancer Cell 2022 https://pubmed.ncbi.nlm.nih.gov/35245446/; SG final Ann Oncol 2026 https://pubmed.ncbi.nlm.nih.gov/41571044/ (DCO 23/02/2023),https://pubmed.ncbi.nlm.nih.gov/35245446/; https://pubmed.ncbi.nlm.nih.gov/41571044/
ESÔFAGO / JEG,Avançado/metastático – 1ª linha,ORIENT-15,"CEC avançado/metastático, 1ª linha",Sintilimabe vs placebo + cisplatina+paclitaxel (ou 5-FU),SG (todos e CPS≥10),"Todos 7.2 vs 5.7 m, HR 0.56 (0.46–0.68); CPS≥10 8.3 vs 6.4 m, HR 0.58 (0.45–0.75)","Todos 16.7 vs 12.5 m, HR 0.63 (0.51–0.78); CPS≥10 17.2 vs 13.6 m, HR 0.64 (0.48–0.85)",—,SG: 37%; SLP: 44%,SG +4.2 m; SLP +1.5 m,BMJ 2022 https://pubmed.ncbi.nlm.nih.gov/35440464/ (interina; seguimento UNKNOWN no abstract),https://pubmed.ncbi.nlm.nih.gov/35440464/
ESÔFAGO / JEG,Avançado/metastático – 1ª linha,SKYSCRAPER-08,"CEC irressecável/metastático, 1ª linha (Ásia)",Tiragolumabe+atezolizumabe+QT vs placebo+QT,SLP (IRF) e SG,6.2 vs 5.4 m; HR 0.56 (0.45–0.70),15.7 vs 11.1 m; HR 0.70 (0.55–0.88),—,SG: 30%; SLP: 44%,SG +4.6 m; SLP +0.8 m,Lancet Oncol 2026 https://pubmed.ncbi.nlm.nih.gov/41449142/ (seguimento 12.6 m),https://pubmed.ncbi.nlm.nih.gov/41449142/
ESÔFAGO / JEG,Avançado/metastático – 1ª linha,CheckMate 649 (adeno gástrico/JEG/esôfago),"Adenocarcinoma gástrico, JEG ou esofágico HER2-neg avançado, 1ª linha",Nivolumabe + XELOX/FOLFOX vs QT,SG e SLP (BICR) em CPS≥5,CPS≥5 primária: HR 0.68 (IC 98% 0.56–0.81). 3 anos: HR 0.70 (0.60–0.81); SLP 36 m 13% vs 8%. 5 anos: HR 0.71 (0.61–0.82); SLP 5 anos 10% vs 6%; medianas UNKNOWN no abstract,CPS≥5 primária: HR 0.71 (IC 98.4% 0.59–0.86). 3 anos: HR 0.70 (0.61–0.81); SG 36 m 21% vs 10%. 5 anos: HR 0.71 (0.61–0.81); SG 5 anos 16% vs 6%. Subgrupo adeno esofágico: UNKNOWN,TRO BICR (5 anos) 58% vs 46%,SG CPS≥5: 29%; SLP: 29%,SG 5 anos +10 pp; SG 3 anos +11 pp,Lancet 2021 https://pubmed.ncbi.nlm.nih.gov/34102137/; 3 anos JCO 2024 https://pubmed.ncbi.nlm.nih.gov/38382001/; 5 anos Ann Oncol 2026 https://pubmed.ncbi.nlm.nih.gov/41687718/ (mín. 60.1 m),https://pubmed.ncbi.nlm.nih.gov/34102137/; https://pubmed.ncbi.nlm.nih.gov/38382001/; https://pubmed.ncbi.nlm.nih.gov/41687718/
ESÔFAGO / JEG,Avançado – 2ª linha,ATTRACTION-3,CEC avançado refratário/intolerante a 1 linha (fluoropirimidina+platina),Nivolumabe vs docetaxel ou paclitaxel,SG,UNKNOWN no abstract,10.9 vs 8.4 m; HR 0.77 (0.62–0.96). 3 anos: 10.9 vs 8.5 m; HR 0.79; SG 3 anos 15.3% vs 8.7%,—,SG: 23%,SG +2.5 m; SG 3 anos +6.6 pp,Lancet Oncol 2019 https://pubmed.ncbi.nlm.nih.gov/31582355/ (mín. 17.6 m); 3 anos Clin Cancer Res 2022 https://pubmed.ncbi.nlm.nih.gov/35294546/,https://pubmed.ncbi.nlm.nih.gov/31582355/; https://pubmed.ncbi.nlm.nih.gov/35294546/
ESÔFAGO / JEG,Avançado – 2ª linha,KEYNOTE-181,CE avançado (CEC ou adeno) após 1 linha,"Pembrolizumabe vs QT (paclitaxel, docetaxel ou irinotecano)","SG (CPS≥10, CEC, todos)",UNKNOWN no abstract,"CPS≥10: 9.3 vs 6.7 m, HR 0.69 (0.52–0.93); SG 12 m 43% vs 20%. CEC: 8.2 vs 7.1 m, HR 0.78 (0.63–0.96), P=0.0095. Todos: 7.1 vs 7.1 m, HR 0.89 (0.75–1.05) – NS",—,SG CPS≥10: 31%; todos: 11% (NS – negativo na ITT),SG CPS≥10 +2.6 m; SG 12 m +23 pp; todos 0 m,JCO 2020 https://pubmed.ncbi.nlm.nih.gov/33026938/,https://pubmed.ncbi.nlm.nih.gov/33026938/
ESÔFAGO / JEG,Avançado – 2ª linha,RATIONALE-302,CEC avançado após 1ª linha sistêmica,"Tislelizumabe vs QT (paclitaxel, docetaxel ou irinotecano)",SG,UNKNOWN no abstract,"Todos 8.6 vs 6.3 m, HR 0.70 (0.57–0.85); TAP≥10% 10.3 vs 6.8 m, HR 0.54 (0.36–0.79)",TRO 20.3% vs 9.8%,SG: 30%; TAP≥10%: 46%,SG +2.3 m; TRO +10.5 pp,JCO 2022 https://pubmed.ncbi.nlm.nih.gov/35442766/,https://pubmed.ncbi.nlm.nih.gov/35442766/
PÂNCREAS,Ressecável – adjuvância,CONKO-001,Adenocarcinoma de pâncreas com ressecção macroscopicamente completa,Gencitabina 6 meses vs observação,SLD,—,HR 0.76 (0.61–0.95); SG 5 anos 20.7% vs 10.4%; 10 anos 12.2% vs 7.7%; medianas UNKNOWN no abstract,SLD 13.4 vs 6.7 m; HR 0.55 (0.44–0.69),SG: 24%; SLD: 45%,SG 5 anos +10.3 pp; SLD +6.7 m,JAMA 2013 https://pubmed.ncbi.nlm.nih.gov/24104372/ (seguimento 136 m),https://pubmed.ncbi.nlm.nih.gov/24104372/
PÂNCREAS,Ressecável – adjuvância,ESPAC-3,Adenocarcinoma ductal ressecado,5-FU/ácido folínico vs gencitabina,SG,Sem diferença (valores UNKNOWN no abstract),23.0 vs 23.6 m; HR 0.94 (0.81–1.08); P=0.39,EAs graves 14% (5-FU) vs 7.5% (gem),NEGATIVO/equivalente: 6% (NS),SG −0.6 m (5-FU vs gem),JAMA 2010 https://pubmed.ncbi.nlm.nih.gov/20823433/ (seguimento 34.2 m),https://pubmed.ncbi.nlm.nih.gov/20823433/
PÂNCREAS,Ressecável – adjuvância,ESPAC-4,Adenocarcinoma ductal ressecado (R0/R1),Gencitabina+capecitabina vs gencitabina,SG,UNKNOWN no abstract,28.0 vs 25.5 m; HR 0.82 (0.68–0.98),—,SG: 18%,SG +2.5 m,Lancet 2017 https://pubmed.ncbi.nlm.nih.gov/28129987/ (seguimento UNKNOWN no abstract),https://pubmed.ncbi.nlm.nih.gov/28129987/
PÂNCREAS,Ressecável – adjuvância,PRODIGE 24/CCTG PA6,"Adenocarcinoma ductal ressecado R0/R1, 18–79 anos, bom PS","mFOLFIRINOX vs gencitabina, 6 meses",SLD,—,Primária: 54.4 vs 35.0 m; HR 0.64 (0.48–0.86); SG 3 anos 63.4% vs 48.6%. 5 anos: 53.5 vs 35.5 m; HR 0.68 (0.54–0.85); SG 5 anos 43.2% vs 31.4%,SLD primária 21.6 vs 12.8 m; HR 0.58 (0.46–0.73). 5 anos: 21.4 vs 12.8 m; HR 0.66 (0.54–0.82); SLD 5 anos 26.1% vs 19.0%,SG: 32% (5 anos); SLD: 34% (5 anos),SG +18.0 m (5 anos); SG 5 anos +11.8 pp; SLD +8.6 m,NEJM 2018 https://pubmed.ncbi.nlm.nih.gov/30575490/ (33.6 m); 5 anos JAMA Oncol 2022 https://pubmed.ncbi.nlm.nih.gov/36048453/ (seguimento 69.7 m),https://pubmed.ncbi.nlm.nih.gov/30575490/; https://pubmed.ncbi.nlm.nih.gov/36048453/
PÂNCREAS,Ressecável – adjuvância,APACT,"Adenocarcinoma ductal ressecado, sem tratamento prévio",Nab-paclitaxel+gencitabina vs gencitabina,SLD por revisão independente,—,Primária: 40.5 vs 36.2 m; HR 0.82 (0.680–0.996). 5 anos: 41.8 vs 37.7 m; HR 0.80 (0.678–0.947),SLD independente 19.4 vs 18.8 m; HR 0.88 (0.729–1.063) – NÃO atingiu desfecho primário. SLD investigador 16.6 vs 13.7 m; HR 0.82 (0.694–0.965),"NEGATIVO no primário (SLD 12%, NS); SG: 20% (5 anos, secundário)",SLD +0.6 m (NS); SG +4.1 m (5 anos),JCO 2023 https://pubmed.ncbi.nlm.nih.gov/36521097/ (seguimento 63.2 m no 5 anos),https://pubmed.ncbi.nlm.nih.gov/36521097/
PÂNCREAS,Ressecável/borderline – neoadjuvância,PREOPANC,Ressecável ou borderline (Holanda),QT-RT neo baseada em gencitabina (36 Gy/15 fr) → cirurgia → gencitabina adjuvante vs cirurgia imediata → gencitabina adjuvante,SG,—,"Primária (JCO 2020): 16.0 vs 14.3 m; HR 0.78 (0.58–1.05), P=0.096 (NS). Longo prazo (JCO 2022): 15.7 vs 14.3 m; HR 0.73 (0.56–0.96); SG 5 anos 20.5% vs 6.5%",R0 71% vs 40% (entre ressecados); taxa de ressecção 61% vs 72%,SG: 27% (longo prazo),SG +1.4 m; SG 5 anos +14.0 pp,JCO 2020 https://pubmed.ncbi.nlm.nih.gov/32105518/; longo prazo JCO 2022 https://pubmed.ncbi.nlm.nih.gov/35084987/ (seguimento 59 m),https://pubmed.ncbi.nlm.nih.gov/32105518/; https://pubmed.ncbi.nlm.nih.gov/35084987/
PÂNCREAS,Ressecável/borderline – neoadjuvância,PREOPANC-2,Ressecável ou borderline (Holanda),FOLFIRINOX neo ×8 → cirurgia (sem adjuvância) vs QT-RT neo baseada em gencitabina → cirurgia → gencitabina adjuvante,SG,—,21.9 vs 21.3 m; HR 0.88 (0.69–1.13); P=0.32,—,NEGATIVO/sem diferença: 12% (NS),SG +0.6 m (NS),Lancet Oncol 2025 https://pubmed.ncbi.nlm.nih.gov/40945523/ (seguimento 42.3 m),https://pubmed.ncbi.nlm.nih.gov/40945523/
PÂNCREAS,Ressecável/borderline – neoadjuvância,Alliance A021501 (fase 2),Borderline ressecável,mFOLFIRINOX ×8 vs mFOLFIRINOX ×7 + SBRT/RT hipofracionada,SG 18 meses vs controle histórico 50%,—,SG 18 m 66.7% vs 47.3%; mediana 29.8 vs 17.1 m,R0 (primeiros 30/braço) 57% vs 33% → braço RT fechado por futilidade,N/A (fase 2 não comparativa formal); RT sem benefício,SG mediana +12.7 m (mFOLFIRINOX isolado),JAMA Oncol 2022 https://pubmed.ncbi.nlm.nih.gov/35834226/,https://pubmed.ncbi.nlm.nih.gov/35834226/
PÂNCREAS,Ressecável/borderline – neoadjuvância,PACT-21 CASSANDRA,"Ressecável ou borderline, estádio I–III (Itália; 1ª randomização)",PAXG (cisplatina+nab-paclitaxel+capecitabina+gencitabina) vs mFOLFIRINOX pré-operatório,SLE,—,UNKNOWN (não reportada no abstract),SLE 16.0 vs 10.2 m; HR 0.63 (0.47–0.84),SLE: 37%,SLE +5.8 m,Lancet 2026 https://pubmed.ncbi.nlm.nih.gov/41275879/ (seguimento UNKNOWN no abstract),https://pubmed.ncbi.nlm.nih.gov/41275879/
PÂNCREAS,Localmente avançado,LAP07,Localmente avançado controlado após 4 meses de gencitabina ± erlotinibe,QT-RT (54 Gy + capecitabina) vs manutenção de QT; 1ª randomização gem vs gem+erlotinibe,SG,UNKNOWN no abstract,QT-RT 15.2 vs QT 16.5 m; HR 1.03 (0.79–1.34). Gem+erlotinibe 11.9 vs gem 13.6 m; HR 1.19 (0.97–1.45),Progressão local 32% vs 46%,NEGATIVO (sem ganho de SG com QT-RT nem com erlotinibe),SG −1.3 m (QT-RT); −1.7 m (erlotinibe),JAMA 2016 https://pubmed.ncbi.nlm.nih.gov/27139057/ (seguimento 36.7 m),https://pubmed.ncbi.nlm.nih.gov/27139057/
PÂNCREAS,Metastático – 1ª linha,Burris 1997,Avançado sintomático,Gencitabina vs 5-FU bolus semanal,Benefício clínico,UNKNOWN,5.65 vs 4.41 m (P=0.0025); HR UNKNOWN; SG 12 m 18% vs 2%,Benefício clínico 23.8% vs 4.8%,UNKNOWN (HR não reportado),SG +1.24 m; SG 12 m +16 pp,JCO 1997 https://pubmed.ncbi.nlm.nih.gov/9196156/,https://pubmed.ncbi.nlm.nih.gov/9196156/
PÂNCREAS,Metastático – 1ª linha,NCIC CTG PA.3,Avançado/metastático,Gencitabina+erlotinibe vs gencitabina+placebo,SG,HR 0.77 (0.64–0.92); medianas UNKNOWN,6.24 vs 5.91 m; HR 0.82 (0.69–0.99); SG 1 ano 23% vs 17%,—,SG: 18%,SG +0.33 m (~10 dias); SG 1 ano +6 pp,JCO 2007 https://pubmed.ncbi.nlm.nih.gov/17452677/,https://pubmed.ncbi.nlm.nih.gov/17452677/
PÂNCREAS,Metastático – 1ª linha,PRODIGE 4/ACCORD 11,"Metastático, ECOG 0–1",FOLFIRINOX vs gencitabina,SG,6.4 vs 3.3 m; HR 0.47 (0.37–0.59),11.1 vs 6.8 m; HR 0.57 (0.45–0.73),TRO 31.6% vs 9.4%,SG: 43%; SLP: 53%,SG +4.3 m; SLP +3.1 m,NEJM 2011 https://pubmed.ncbi.nlm.nih.gov/21561347/,https://pubmed.ncbi.nlm.nih.gov/21561347/
PÂNCREAS,Metastático – 1ª linha,MPACT,"Metastático, KPS ≥70",Nab-paclitaxel+gencitabina vs gencitabina,SG,5.5 vs 3.7 m; HR 0.69 (0.58–0.82),8.5 vs 6.7 m; HR 0.72 (0.62–0.83); SG 1 ano 35% vs 22%; 2 anos 9% vs 4%,TRO (revisão independente) 23% vs 7%,SG: 28%; SLP: 31%,SG +1.8 m; SLP +1.8 m,NEJM 2013 https://pubmed.ncbi.nlm.nih.gov/24131140/,https://pubmed.ncbi.nlm.nih.gov/24131140/
PÂNCREAS,Metastático – 1ª linha,NAPOLI-3,"Metastático, sem tratamento prévio",NALIRIFOX (irinotecano lipossomal+oxaliplatina+5-FU/LV) vs nab-paclitaxel+gencitabina,SG,UNKNOWN no abstract,11.1 vs 9.2 m; HR 0.83 (0.70–0.99),—,SG: 17%,SG +1.9 m,Lancet 2023 https://pubmed.ncbi.nlm.nih.gov/37708904/ (seguimento 16.1 m),https://pubmed.ncbi.nlm.nih.gov/37708904/
PÂNCREAS,Metastático – 1ª linha,POLO,"Metastático com BRCA1/2 germinativo, sem progressão após ≥16 semanas de platina 1ª linha",Olaparibe manutenção vs placebo (3:2),SLP,7.4 vs 3.8 m; HR 0.53 (0.35–0.82),"Interina: 18.9 vs 18.1 m; HR 0.91 (0.56–1.46). Final (JCO 2022): 19.0 vs 19.2 m; HR 0.83 (0.56–1.22), P=0.3487 (NS); SG 3 anos 33.9% vs 17.8%",—,SLP: 47%; SG: 17% (NS – sem ganho de SG),SLP +3.6 m; SG −0.2 m (mediana); SG 3 anos +16.1 pp,NEJM 2019 https://pubmed.ncbi.nlm.nih.gov/31157963/; SG JCO 2022 https://pubmed.ncbi.nlm.nih.gov/35834777/,https://pubmed.ncbi.nlm.nih.gov/31157963/; https://pubmed.ncbi.nlm.nih.gov/35834777/
PÂNCREAS,Metastático – 2ª linha,NAPOLI-1,Metastático após gencitabina,Irinotecano lipossomal + 5-FU/LV vs irinotecano lipossomal isolado vs 5-FU/LV,SG,UNKNOWN no abstract,Combinação vs 5-FU/LV: 6.1 vs 4.2 m; HR 0.67 (0.49–0.92). Final: 6.2 vs 4.2 m; HR 0.75 (0.57–0.99); SG 1 ano 26% vs 16%. Monoterapia: 4.9 vs 4.2 m; HR 0.99 (0.77–1.28) – sem ganho,—,SG: 33% (primária) / 25% (final),SG +1.9 m (primária) / +2.0 m (final),Lancet 2016 https://pubmed.ncbi.nlm.nih.gov/26615328/; final EJC 2019 https://pubmed.ncbi.nlm.nih.gov/30654298/,https://pubmed.ncbi.nlm.nih.gov/26615328/; https://pubmed.ncbi.nlm.nih.gov/30654298/
PÂNCREAS,Metastático – 2ª linha,RASolute 302,Metastático previamente tratado (91.8% RAS G12),Daraxonrasib (inibidor RAS(ON)) vs QT do investigador,SG e SLP (duplo primário),"RAS G12: 7.3 vs 3.5 m, HR 0.45; geral: 7.2 vs 3.6 m, HR 0.49 (IC UNKNOWN no abstract)",RAS G12: 13.2 vs 6.6 m; geral 13.2 vs 6.7 m; HR 0.40 em ambas (IC UNKNOWN no abstract),Descontinuação por EA 1.2% vs 11.2%,SG: 60%; SLP: 51% (geral),SG +6.5 m (geral); SLP +3.6 m,NEJM 2026 https://pubmed.ncbi.nlm.nih.gov/42223072/ (seguimento UNKNOWN no abstract),https://pubmed.ncbi.nlm.nih.gov/42223072/
HEPATOCARCINOMA (CHC),Avançado – 1ª linha,SHARP,"CHC avançado, Child-Pugh A, sem tratamento sistêmico prévio",Sorafenibe vs placebo,SG e tempo até progressão sintomática,Tempo até progressão radiológica 5.5 vs 2.8 m (P<0.001); progressão sintomática 4.1 vs 4.9 m (NS),10.7 vs 7.9 m; HR 0.69 (0.55–0.87),RP 2% vs 1%,SG: 31%,SG +2.8 m,NEJM 2008 https://pubmed.ncbi.nlm.nih.gov/18650514/,https://pubmed.ncbi.nlm.nih.gov/18650514/
HEPATOCARCINOMA (CHC),Avançado – 1ª linha,Asia-Pacific (sorafenibe),"CHC avançado Child-Pugh A, Ásia (China, Coreia, Taiwan)",Sorafenibe vs placebo (2:1),SG/TTP (múltiplos),TTP 2.8 vs 1.4 m; HR 0.57 (0.42–0.79),6.5 vs 4.2 m; HR 0.68 (0.50–0.93),—,SG: 32%; TTP: 43%,SG +2.3 m; TTP +1.4 m,Lancet Oncol 2009 https://pubmed.ncbi.nlm.nih.gov/19095497/,https://pubmed.ncbi.nlm.nih.gov/19095497/
HEPATOCARCINOMA (CHC),Avançado – 1ª linha,REFLECT,CHC irressecável sem tratamento prévio,Lenvatinibe vs sorafenibe,SG (não inferioridade),UNKNOWN no abstract,13.6 vs 12.3 m; HR 0.92 (0.79–1.06) – NI atingida,—,N/A (NI); 8% (NS),SG +1.3 m (NI),Lancet 2018 https://pubmed.ncbi.nlm.nih.gov/29433850/,https://pubmed.ncbi.nlm.nih.gov/29433850/
HEPATOCARCINOMA (CHC),Avançado – 1ª linha,IMbrave150,"CHC irressecável sem tratamento sistêmico prévio, Child-Pugh A",Atezolizumabe+bevacizumabe vs sorafenibe (2:1),SG e SLP,Primária: 6.8 vs 4.3 m; HR 0.59 (0.47–0.76). Atualização: 6.9 vs 4.3 m; HR 0.65 (0.53–0.81),Primária: HR 0.58 (0.42–0.79); SG 12 m 67.2% vs 54.6%. Atualização: 19.2 vs 13.4 m; HR 0.66 (0.52–0.85),—,SG: 34% (atualização); SLP: 35%,SG +5.8 m; SLP +2.6 m,NEJM 2020 https://pubmed.ncbi.nlm.nih.gov/32402160/; atualização J Hepatol 2022 https://pubmed.ncbi.nlm.nih.gov/34902530/ (seguimento 15.6 m),https://pubmed.ncbi.nlm.nih.gov/32402160/; https://pubmed.ncbi.nlm.nih.gov/34902530/
HEPATOCARCINOMA (CHC),Avançado – 1ª linha,HIMALAYA,CHC irressecável sem tratamento sistêmico prévio,STRIDE (tremelimumabe dose única + durvalumabe) vs durvalumabe vs sorafenibe,SG (STRIDE vs sorafenibe); NI durvalumabe,Sem diferença significativa entre os 3 braços (valores UNKNOWN no abstract),Primária: 16.43 vs 16.56 vs 13.77 m; STRIDE HR 0.78 (IC 96.02% 0.65–0.93); durvalumabe NI HR 0.86 (IC 95.67% 0.73–1.03). 4 anos: HR 0.78 (0.67–0.92); SG 48 m 25.2% vs 15.1%. 5 anos: HR 0.76 (0.65–0.89); SG 60 m 19.6% vs 9.4%,—,SG: 24% (5 anos),SG +2.66 m (mediana); SG 5 anos +10.2 pp,NEJM Evid 2022 https://pubmed.ncbi.nlm.nih.gov/38319892/; 4 anos Ann Oncol 2024 https://pubmed.ncbi.nlm.nih.gov/38382875/; 5 anos J Hepatol 2025 https://pubmed.ncbi.nlm.nih.gov/40222621/ (seguimento 62.5 m),https://pubmed.ncbi.nlm.nih.gov/38319892/; https://pubmed.ncbi.nlm.nih.gov/38382875/; https://pubmed.ncbi.nlm.nih.gov/40222621/
HEPATOCARCINOMA (CHC),Avançado – 1ª linha,CheckMate 9DW,CHC irressecável sem tratamento sistêmico prévio,Nivolumabe+ipilimumabe vs lenvatinibe ou sorafenibe,SG,UNKNOWN no abstract,23.7 vs 20.6 m; HR 0.79 (0.65–0.96); SG 24 m 49% vs 39%; 36 m 38% vs 24%. Mais óbitos nos primeiros 6 meses (HR 1.65; 1.12–2.43),—,SG: 21%,SG +3.1 m; SG 36 m +14 pp,Lancet 2025 https://pubmed.ncbi.nlm.nih.gov/40349714/ (seguimento 35.2 m),https://pubmed.ncbi.nlm.nih.gov/40349714/
HEPATOCARCINOMA (CHC),Avançado – 1ª linha,CARES-310,CHC irressecável/metastático sem tratamento sistêmico prévio (83% asiáticos),Camrelizumabe+rivoceranibe vs sorafenibe,SG e SLP,Primária: 5.6 vs 3.7 m; HR 0.52 (0.41–0.65). Final: 5.6 vs 3.7 m; HR 0.54 (0.44–0.67),Interina: 22.1 vs 15.2 m; HR 0.62 (0.49–0.80). Final: 23.8 vs 15.2 m; HR 0.64 (0.52–0.79),—,SG: 36% (final); SLP: 46%,SG +8.6 m (final); SLP +1.9 m,Lancet 2023 https://pubmed.ncbi.nlm.nih.gov/37499670/; final Lancet Oncol 2025 https://pubmed.ncbi.nlm.nih.gov/41308676/ (seguimento 22.1 vs 14.9 m),https://pubmed.ncbi.nlm.nih.gov/37499670/; https://pubmed.ncbi.nlm.nih.gov/41308676/
HEPATOCARCINOMA (CHC),Avançado – 1ª linha,LEAP-002,"CHC irressecável Child-Pugh A, 1ª linha",Lenvatinibe+pembrolizumabe vs lenvatinibe+placebo,SG e SLP,8.2 vs 8.0 m; HR 0.87 (0.73–1.02) – NS,21.2 vs 19.0 m; HR 0.84 (0.71–1.00) – NS (não atingiu significância pré-especificada),—,NEGATIVO: SG 16% e SLP 13% (NS),SG +2.2 m (NS); SLP +0.2 m,Lancet Oncol 2023 https://pubmed.ncbi.nlm.nih.gov/38039993/ (seguimento 32.1 m),https://pubmed.ncbi.nlm.nih.gov/38039993/
HEPATOCARCINOMA (CHC),Avançado – 1ª linha,RATIONALE-301,CHC irressecável sem tratamento sistêmico prévio,Tislelizumabe vs sorafenibe,SG (não inferioridade),2.1 vs 3.4 m; HR 1.11 (0.92–1.33) – pior SLP com tislelizumabe,15.9 vs 14.1 m; HR 0.85 (IC 95.003% 0.71–1.02) – NI atingida; superioridade não,TRO 14.3% vs 5.4%; duração de resposta 36.1 vs 11.0 m,N/A (NI); SG 15% (NS para superioridade),SG +1.8 m; SLP −1.3 m,JAMA Oncol 2023 https://pubmed.ncbi.nlm.nih.gov/37796513/ (seguimento mínimo 33 m),https://pubmed.ncbi.nlm.nih.gov/37796513/
HEPATOCARCINOMA (CHC),Avançado – 1ª linha,CheckMate 459,"CHC avançado, 1ª linha",Nivolumabe vs sorafenibe,SG,UNKNOWN no abstract,16.4 vs 14.7 m; HR 0.85 (0.72–1.02); p=0.075 (limiar 0.0419 não atingido),—,NEGATIVO: SG 15% (NS),SG +1.7 m (NS),Lancet Oncol 2022 https://pubmed.ncbi.nlm.nih.gov/34914889/ (seguimento 15.2 m),https://pubmed.ncbi.nlm.nih.gov/34914889/
HEPATOCARCINOMA (CHC),Avançado – 2ª linha (pós-sorafenibe),RESORCE,"CHC com progressão em sorafenibe tolerado, Child-Pugh A",Regorafenibe vs placebo (2:1),SG,UNKNOWN no abstract,10.6 vs 7.8 m; HR 0.63 (0.50–0.79),—,SG: 37%,SG +2.8 m,Lancet 2017 https://pubmed.ncbi.nlm.nih.gov/27932229/,https://pubmed.ncbi.nlm.nih.gov/27932229/
HEPATOCARCINOMA (CHC),Avançado – 2ª linha (pós-sorafenibe),CELESTIAL,CHC avançado após sorafenibe (até 2 linhas prévias),Cabozantinibe vs placebo (2:1),SG,5.2 vs 1.9 m; HR 0.44 (0.36–0.52),10.2 vs 8.0 m; HR 0.76 (0.63–0.92),TRO 4% vs <1%,SG: 24%; SLP: 56%,SG +2.2 m; SLP +3.3 m,NEJM 2018 https://pubmed.ncbi.nlm.nih.gov/29972759/,https://pubmed.ncbi.nlm.nih.gov/29972759/
HEPATOCARCINOMA (CHC),Avançado – 2ª linha (pós-sorafenibe),REACH-2,CHC após sorafenibe com AFP ≥400 ng/mL,Ramucirumabe vs placebo (2:1),SG,2.8 vs 1.6 m; HR 0.452 (0.339–0.603),8.5 vs 7.3 m; HR 0.710 (0.531–0.949),TRO 5% vs 1% (NS),SG: 29%; SLP: 55%,SG +1.2 m; SLP +1.2 m,Lancet Oncol 2019 https://pubmed.ncbi.nlm.nih.gov/30665869/ (seguimento 7.6 m),https://pubmed.ncbi.nlm.nih.gov/30665869/
HEPATOCARCINOMA (CHC),Avançado – 2ª linha (pós-sorafenibe),KEYNOTE-240,CHC avançado após sorafenibe,Pembrolizumabe vs placebo (2:1),SG e SLP,Final: 3.0 vs 2.8 m; HR 0.718 (0.570–0.904) – não significativo pelos critérios pré-especificados,13.9 vs 10.6 m; HR 0.781 (0.611–0.998); P=0.0238 – NÃO atingiu significância pré-especificada. Longo prazo: SG 36 m 17.7% vs 11.7%,TRO 18.3% vs 4.4% (longo prazo),NEGATIVO formal: SG 22% (não significativo pelo critério),SG +3.3 m; SG 36 m +6.0 pp,JCO 2020 https://pubmed.ncbi.nlm.nih.gov/31790344/; longo prazo Liver Cancer 2023 https://pubmed.ncbi.nlm.nih.gov/37901200/,https://pubmed.ncbi.nlm.nih.gov/31790344/; https://pubmed.ncbi.nlm.nih.gov/37901200/
HEPATOCARCINOMA (CHC),Avançado – 2ª linha (pós-sorafenibe),KEYNOTE-394,"CHC avançado pré-tratado (sorafenibe ou oxaliplatina), Ásia",Pembrolizumabe vs placebo (2:1),SG,2.6 vs 2.3 m; HR 0.74 (0.60–0.92),14.6 vs 13.0 m; HR 0.79 (0.63–0.99),TRO 12.7% vs 1.3%,SG: 21%; SLP: 26%,SG +1.6 m; SLP +0.3 m,JCO 2023 https://pubmed.ncbi.nlm.nih.gov/36455168/,https://pubmed.ncbi.nlm.nih.gov/36455168/
HEPATOCARCINOMA (CHC),Intermediário – TACE ± sistêmico,Llovet 2002 (TACE),"CHC irressecável Child-Pugh A/B, Okuda I–II, não candidato a tratamento curativo",Quimioembolização vs embolização vs tratamento conservador,SG,—,SG 1/2 anos: TACE 82%/63% vs controle 63%/27%; HR morte 0.47 (0.25–0.91) TACE vs controle. Embolização 75%/50%,Resposta objetiva sustentada 35% (TACE),SG: 53% (TACE vs controle),SG 2 anos +36 pp,Lancet 2002 https://pubmed.ncbi.nlm.nih.gov/12049862/,https://pubmed.ncbi.nlm.nih.gov/12049862/
HEPATOCARCINOMA (CHC),Intermediário – TACE ± sistêmico,Lo 2002 (TACE lipiodol),"CHC irressecável recém-diagnosticado, Ásia",TACE com cisplatina-lipiodol vs tratamento sintomático,SG,—,SG 1/2/3 anos 57%/31%/26% vs 32%/11%/3%; RR morte ajustado 0.49 (0.29–0.81),—,SG: 51%,SG 2 anos +20 pp; 3 anos +23 pp,Hepatology 2002 https://pubmed.ncbi.nlm.nih.gov/11981766/,https://pubmed.ncbi.nlm.nih.gov/11981766/
HEPATOCARCINOMA (CHC),Intermediário – TACE ± sistêmico,EMERALD-1,CHC irressecável elegível a embolização,TACE + durvalumabe+bevacizumabe vs TACE + durvalumabe vs TACE + placebo,SLP (durva+bev vs placebo),15.0 vs 10.0 vs 8.2 m; durva+bev vs placebo HR 0.77 (0.61–0.98); durva vs placebo HR 0.94 (0.75–1.19) – NS,UNKNOWN (imatura no abstract),—,SLP: 23% (durva+bev); durva isolado: sem ganho,SLP +6.8 m (durva+bev),Lancet 2025 https://pubmed.ncbi.nlm.nih.gov/39798579/ (seguimento SLP 27.9 m),https://pubmed.ncbi.nlm.nih.gov/39798579/
HEPATOCARCINOMA (CHC),Intermediário – TACE ± sistêmico,LEAP-012,CHC irressecável não metastático (intermediário) candidato a TACE,TACE + lenvatinibe+pembrolizumabe vs TACE + placebo duplo,SLP e SG,14.6 vs 10.0 m; HR 0.66 (0.51–0.84),Interina: SG 24 m 75% vs 69%; HR 0.80 (0.57–1.11) – NS,EAs grau ≥3 relacionados 71% vs 32%,"SLP: 34%; SG: 20% (NS, interina)",SLP +4.6 m; SG 24 m +6 pp,Lancet 2025 https://pubmed.ncbi.nlm.nih.gov/39798578/ (seguimento 25.6 m),https://pubmed.ncbi.nlm.nih.gov/39798578/
HEPATOCARCINOMA (CHC),Adjuvância,STORM,CHC com resposta radiológica completa após ressecção ou ablação,Sorafenibe vs placebo,SLR,—,UNKNOWN no abstract,SLR 33.3 vs 33.7 m; HR 0.940 (0.780–1.134),NEGATIVO (sem ganho; HR 0.94 NS),SLR −0.4 m,Lancet Oncol 2015 https://pubmed.ncbi.nlm.nih.gov/26361969/,https://pubmed.ncbi.nlm.nih.gov/26361969/
HEPATOCARCINOMA (CHC),Adjuvância,IMbrave050,CHC alto risco de recidiva após ressecção ou ablação,Atezolizumabe+bevacizumabe (17 ciclos) vs vigilância ativa,SLR (IRF),—,Atualização (2ª interina): HR 1.26 (0.85–1.87) – imatura,Interina (Lancet 2023): medianas NE; HR 0.72 (IC ajustado 0.53–0.98). Atualização (J Hepatol 2026): HR 0.90 (0.72–1.12) – benefício NÃO sustentado,"NEGATIVO na atualização (SLR 10%, NS); SG HR 1.26 (pior numericamente, imatura)",UNKNOWN (medianas não estimáveis),Lancet 2023 https://pubmed.ncbi.nlm.nih.gov/37871608/ (17.4 m); atualização J Hepatol 2026 https://pubmed.ncbi.nlm.nih.gov/41580093/,https://pubmed.ncbi.nlm.nih.gov/37871608/; https://pubmed.ncbi.nlm.nih.gov/41580093/
HEPATOCARCINOMA (CHC),Adjuvância,CheckMate 9DX,CHC alto risco após ressecção/ablação curativa,Nivolumabe vs placebo (1 ano),SLR (BICR),—,UNKNOWN,UNKNOWN – sem resultados publicados (NCT03383458; conclusão primária prevista 27/05/2026),UNKNOWN,UNKNOWN,ClinicalTrials.gov https://clinicaltrials.gov/study/NCT03383458,https://clinicaltrials.gov/study/NCT03383458
VIAS BILIARES,Adjuvância,BILCAP,Colangiocarcinoma ou carcinoma de vesícula músculo-invasivo ressecado (R0/R1),Capecitabina 8 ciclos vs observação,SG (ITT),—,ITT: 51.1 vs 36.4 m; HR ajustado 0.81 (0.63–1.04); p=0.097 – NEGATIVO no primário. Sensibilidade HR 0.71 (0.55–0.92); per-protocol HR 0.75 (0.58–0.97). Longo prazo (106 m): 49.6 vs 36.1 m; HR 0.84 (0.67–1.06); sensibilidade HR 0.74 (0.59–0.94),SLR ITT 24.4 vs 17.5 m,"Primário NEGATIVO (SG 19%, NS na ITT); 26% na análise de sensibilidade (longo prazo)","SG +14.7 m (ITT, 2019); +13.5 m (longo prazo); SLR +6.9 m",Lancet Oncol 2019 https://pubmed.ncbi.nlm.nih.gov/30922733/ (60 m); longo prazo JCO 2022 https://pubmed.ncbi.nlm.nih.gov/35316080/ (106 m),https://pubmed.ncbi.nlm.nih.gov/30922733/; https://pubmed.ncbi.nlm.nih.gov/35316080/
VIAS BILIARES,Adjuvância,PRODIGE 12-ACCORD 18,CTB localizado ressecado R0/R1,GEMOX 12 ciclos vs vigilância,SLR,—,75.8 vs 50.8 m; HR 1.08 (0.70–1.66) – NS,SLR 30.4 vs 18.5 m; HR 0.88 (0.62–1.25); P=0.48,NEGATIVO (sem ganho; SLR 12% NS),SLR +11.9 m (NS),JCO 2019 https://pubmed.ncbi.nlm.nih.gov/30707660/ (seguimento 46.5 m),https://pubmed.ncbi.nlm.nih.gov/30707660/
VIAS BILIARES,Adjuvância,JCOG1202 (ASCOT),CTB ressecado (Japão),S-1 por 1 ano vs observação,SG,—,SG 3 anos 77.1% vs 67.6%; HR ajustado 0.69 (0.51–0.94),SLR 3 anos 62.4% vs 50.9%; HR 0.80 (0.61–1.04) – NS,SG: 31%,SG 3 anos +9.5 pp,Lancet 2023 https://pubmed.ncbi.nlm.nih.gov/36681415/ (seguimento 45.4 m),https://pubmed.ncbi.nlm.nih.gov/36681415/
VIAS BILIARES,Adjuvância,SWOG S0809 (fase 2),"Colangiocarcinoma extra-hepático ou vesícula ressecados pT2–4, N+ ou R1",Gemcitabina+capecitabina ×4 → RT + capecitabina (braço único),SG 2 anos,—,"SG 2 anos 65% (R0 67%, R1 60%); mediana 35 m","Recidiva local 14, distante 24, combinada 9 pacientes",NA (braço único),NA,JCO 2015 https://pubmed.ncbi.nlm.nih.gov/25964250/,https://pubmed.ncbi.nlm.nih.gov/25964250/
VIAS BILIARES,Adjuvância,ACTICCA-1,CTB ressecado,Gemcitabina+cisplatina vs capecitabina (após emenda; antes observação),SLD,—,UNKNOWN,UNKNOWN – sem resultados publicados (NCT02170090),UNKNOWN,UNKNOWN,ClinicalTrials.gov https://clinicaltrials.gov/study/NCT02170090,https://clinicaltrials.gov/study/NCT02170090
VIAS BILIARES,Avançado – 1ª linha,ABC-02,"CTB localmente avançado ou metastático (colangio, vesícula, ampola)",Gemcitabina+cisplatina vs gemcitabina,SG,8.0 vs 5.0 m (P<0.001),11.7 vs 8.1 m; HR 0.64 (0.52–0.80),Controle de doença 81.4% vs 71.8%,SG: 36%,SG +3.6 m; SLP +3.0 m,NEJM 2010 https://pubmed.ncbi.nlm.nih.gov/20375404/ (seguimento 8.2 m),https://pubmed.ncbi.nlm.nih.gov/20375404/
VIAS BILIARES,Avançado – 1ª linha,TOPAZ-1,"CTB irressecável/metastático ou recorrente, sem tratamento prévio",Durvalumabe + gemcitabina-cisplatina vs placebo + gemcitabina-cisplatina,SG,HR 0.75 (0.63–0.89) (medianas UNKNOWN no abstract),Primária: HR 0.80 (0.66–0.97); SG 24 m 24.9% vs 10.4%. 3 anos: 12.9 vs 11.3 m; HR 0.74 (0.63–0.87); SG 36 m 14.6% vs 6.9%,TRO 26.7% vs 18.7%,SG: 26% (3 anos),SG +1.6 m; SG 36 m +7.7 pp,NEJM Evid 2022 https://pubmed.ncbi.nlm.nih.gov/38319896/; 3 anos J Hepatol 2025 https://pubmed.ncbi.nlm.nih.gov/40381735/ (seguimento 41.3 m),https://pubmed.ncbi.nlm.nih.gov/38319896/; https://pubmed.ncbi.nlm.nih.gov/40381735/
VIAS BILIARES,Avançado – 1ª linha,KEYNOTE-966,CTB irressecável/metastático sem tratamento prévio,Pembrolizumabe + gemcitabina-cisplatina vs placebo + gemcitabina-cisplatina,SG,UNKNOWN no abstract,12.7 vs 10.9 m; HR 0.83 (0.72–0.95),—,SG: 17%,SG +1.8 m,Lancet 2023 https://pubmed.ncbi.nlm.nih.gov/37075781/ (seguimento 25.6 m),https://pubmed.ncbi.nlm.nih.gov/37075781/
VIAS BILIARES,Avançado – 1ª linha,FIGHT-302,"Colangiocarcinoma avançado com rearranjo de FGFR2, 1ª linha",Pemigatinibe vs gemcitabina-cisplatina (encerrado precocemente),SLP,8.3 vs 6.8 m; HR 0.58 (0.39–0.87); P nominal 0.0078,24.4 vs 25.0 m (semelhante),TRO 47% vs 15%; DR 14.2 vs 6.3 m,SLP: 42% (nominal; estudo fechado precocemente),SLP +1.5 m; SG −0.6 m,JCO 2026 https://pubmed.ncbi.nlm.nih.gov/42223137/,https://pubmed.ncbi.nlm.nih.gov/42223137/
VIAS BILIARES,Avançado – 2ª linha e alvo molecular,ABC-06,CTB avançado após gemcitabina-cisplatina,Controle ativo de sintomas (ASC) + FOLFOX vs ASC,SG,—,6.2 vs 5.3 m; HR ajustado 0.69 (0.50–0.97); SG 12 m 25.9% vs 11.4%,—,SG: 31%,SG +0.9 m; SG 12 m +14.5 pp,Lancet Oncol 2021 https://pubmed.ncbi.nlm.nih.gov/33798493/ (seguimento 21.7 m),https://pubmed.ncbi.nlm.nih.gov/33798493/
VIAS BILIARES,Avançado – 2ª linha e alvo molecular,NIFTY (fase 2b),CTB metastático após gemcitabina-cisplatina (Coreia),Irinotecano lipossomal + 5-FU/LV vs 5-FU/LV,SLP (BICR),7.1 vs 1.4 m; HR 0.56 (0.39–0.81),UNKNOWN no abstract,—,SLP: 44%,SLP +5.7 m,Lancet Oncol 2021 https://pubmed.ncbi.nlm.nih.gov/34656226/ (seguimento 11.8 m),https://pubmed.ncbi.nlm.nih.gov/34656226/
VIAS BILIARES,Avançado – 2ª linha e alvo molecular,ClarIDHy,"Colangiocarcinoma IDH1-mutado, pré-tratado",Ivosidenibe vs placebo (2:1; crossover permitido),SLP,2.7 vs 1.4 m; HR 0.37 (0.25–0.54),"Final: 10.3 vs 7.5 m; HR 0.79 (0.56–1.12) – NS; ajustado por crossover 10.3 vs 5.1 m, HR 0.49 (0.34–0.70)",—,SLP: 63%; SG 21% (NS; 51% ajustado por crossover),SLP +1.3 m; SG +2.8 m (NS),Lancet Oncol 2020 https://pubmed.ncbi.nlm.nih.gov/32416072/; SG final JAMA Oncol 2021 https://pubmed.ncbi.nlm.nih.gov/34554208/,https://pubmed.ncbi.nlm.nih.gov/32416072/; https://pubmed.ncbi.nlm.nih.gov/34554208/
VIAS BILIARES,Avançado – 2ª linha e alvo molecular,FIGHT-202 (fase 2),Colangiocarcinoma pré-tratado com fusão/rearranjo de FGFR2 (coorte A),Pemigatinibe (braço único),TRO (coorte A),Final: 7.0 m,Final: 17.5 m,TRO 35.5% (primária); final 37.0%; DR 9.1 m,NA (braço único),NA,Lancet Oncol 2020 https://pubmed.ncbi.nlm.nih.gov/32203698/; final ESMO Open 2024 https://pubmed.ncbi.nlm.nih.gov/38838500/ (seguimento 45.4 m),https://pubmed.ncbi.nlm.nih.gov/32203698/; https://pubmed.ncbi.nlm.nih.gov/38838500/
VIAS BILIARES,Avançado – 2ª linha e alvo molecular,FOENIX-CCA2 (fase 2),"Colangiocarcinoma intra-hepático FGFR2 fusão/rearranjo, pré-tratado",Futibatinibe (braço único),TRO,9.0 m,21.7 m,TRO 42%; DR 9.7 m,NA (braço único),NA,NEJM 2023 https://pubmed.ncbi.nlm.nih.gov/36652354/ (seguimento 17.1 m),https://pubmed.ncbi.nlm.nih.gov/36652354/
VIAS BILIARES,Avançado – 2ª linha e alvo molecular,HERIZON-BTC-01 (fase 2b),"CTB HER2-amplificado pré-tratado com gemcitabina (coorte 1, IHC 2+/3+)",Zanidatamabe (braço único),TRO (ICR),UNKNOWN no abstract,UNKNOWN no abstract,TRO 41.3% (coorte 1); análise final JAMA Oncol 2026 sem abstract acessível – UNKNOWN,NA (braço único),NA,Lancet Oncol 2023 https://pubmed.ncbi.nlm.nih.gov/37276871/ (seguimento 12.4 m); final JAMA Oncol 2026 https://pubmed.ncbi.nlm.nih.gov/41264278/,https://pubmed.ncbi.nlm.nih.gov/37276871/; https://pubmed.ncbi.nlm.nih.gov/41264278/
VIAS BILIARES,Avançado – 2ª linha e alvo molecular,"DESTINY-PanTumor02 (coorte biliar, fase 2)",Tumores sólidos HER2-expressores (IHC 3+/2+) pré-tratados – coorte de vias biliares,Trastuzumabe deruxtecana 5.4 mg/kg (braço único),TRO (investigador),Todas as coortes: 6.9 m (biliar UNKNOWN),Todas as coortes: 13.4 m (biliar UNKNOWN),Biliar: TRO 22.0% (todos); 56.3% em IHC 3+ central (n=16),NA (braço único),NA,JCO 2024 https://pubmed.ncbi.nlm.nih.gov/37870536/ (texto completo PMC),https://pubmed.ncbi.nlm.nih.gov/37870536/
TESTÍCULO (TCG),Estádio I – adjuvância,MRC TE19/EORTC 30982,Seminoma estádio I pós-orquiectomia,Carboplatina dose única (AUC 7) vs RT para-aórtica/dog-leg,SLR (não inferioridade),—,1 óbito por seminoma (RT) vs 0 (carboplatina),SLR 2 anos 96.7% (RT) vs 97.7% (carbo); 3 anos 95.9% vs 94.8%; HR 1.28 (IC 90% 0.85–1.93); novo TCG contralateral em 5 anos 1.96% (RT) vs 0.54% (carbo),N/A (NI demonstrada),SLR 3 anos −1.1 pp (carbo vs RT),Lancet 2005 https://pubmed.ncbi.nlm.nih.gov/16039331/ (seguimento 4 anos),https://pubmed.ncbi.nlm.nih.gov/16039331/
TESTÍCULO (TCG),Estádio I – adjuvância,MRC TE18/EORTC 30942,Seminoma estádio I pós-orquiectomia,RT 20 Gy/10 fr vs 30 Gy/15 fr,Recidiva (não inferioridade),—,1 óbito por seminoma (20 Gy),Recidivas 11 (20 Gy) vs 10 (30 Gy); HR 1.11 (IC 90% 0.54–2.28); diferença absoluta de recidiva em 2 anos 0.7% (limite superior 90% 2.9%),N/A (NI),NA,JCO 2005 https://pubmed.ncbi.nlm.nih.gov/15718317/ (seguimento 61 m),https://pubmed.ncbi.nlm.nih.gov/15718317/
TESTÍCULO (TCG),Estádio I – adjuvância,AUO AH 01/94,TCGNS estádio clínico I,BEP ×1 vs linfadenectomia retroperitoneal (RPLND),Taxa de recidiva,—,UNKNOWN no abstract,SLR 2 anos 99.46% vs 91.87%; recidivas 2 vs 15; HR de recidiva com cirurgia 7.937 (1.808–34.48),NA (HR expresso a favor do BEP),SLR 2 anos +7.59 pp,JCO 2008 https://pubmed.ncbi.nlm.nih.gov/18458040/ (seguimento 4.7 anos),https://pubmed.ncbi.nlm.nih.gov/18458040/
TESTÍCULO (TCG),Metastático – 1ª linha,Williams 1987 (BEP vs PVB),TCG disseminado,BEP vs PVB (cisplatina+vimblastina+bleomicina),Resposta/livre de doença e toxicidade,—,SG maior com BEP (P=0.048),Livre de doença 83% vs 74% (NS); alto volume 77% vs 61% (P<0.05); menos neurotoxicidade com BEP,UNKNOWN (sem HR),Livre de doença +9 pp (NS); alto volume +16 pp,NEJM 1987 https://pubmed.ncbi.nlm.nih.gov/2437455/,https://pubmed.ncbi.nlm.nih.gov/2437455/
TESTÍCULO (TCG),Metastático – 1ª linha,Einhorn 1989/SECSG (BEP ×3 vs ×4),TCG disseminado de prognóstico favorável,BEP ×3 vs BEP ×4,Livre de doença,—,Longo prazo: sem diferença em SG (P=0.80) nem SLD (P=0.93),Livre de doença 98% vs 97%; continuamente livre de doença 92% vs 92%; recidivas 5 vs 5,N/A (sem diferença – BEP ×3 suficiente),~0 pp,JCO 1989 https://pubmed.ncbi.nlm.nih.gov/2465391/; longo prazo JCO 1998 https://pubmed.ncbi.nlm.nih.gov/9469360/,https://pubmed.ncbi.nlm.nih.gov/2465391/; https://pubmed.ncbi.nlm.nih.gov/9469360/
TESTÍCULO (TCG),Metastático – 1ª linha,EORTC 30941/MRC TE20 (de Wit 2001),TCG bom prognóstico,BEP ×3 vs ×4 e esquema 3 dias vs 5 dias (fatorial 2×2),SLP 2 anos (equivalência),SLP 2 anos 90.4% (×3) vs 89.4% (×4); diferença −1.0% (LC 80% −3.8 a +1.8). 3 dias 89.7% vs 5 dias 88.8%,UNKNOWN no abstract,Melhor qualidade de vida com 3 ciclos,N/A (equivalência),SLP 2 anos +1.0 pp (×3 vs ×4),JCO 2001 https://pubmed.ncbi.nlm.nih.gov/11250991/,https://pubmed.ncbi.nlm.nih.gov/11250991/
TESTÍCULO (TCG),Metastático – 1ª linha,EORTC 30905 (BEP vs EP),TCGNS bom prognóstico,BEP ×4 vs EP ×4 (etoposídeo 360 mg/m²/ciclo),Resposta completa,TTP sem diferença (P=0.136),Sem diferença (P=0.262),RC 95% vs 87% (P=0.0075); 2 óbitos por toxicidade pulmonar da bleomicina,EP PIOR em RC,RC +8 pp com BEP,JCO 1997 https://pubmed.ncbi.nlm.nih.gov/9164193/ (seguimento 7.3 anos),https://pubmed.ncbi.nlm.nih.gov/9164193/
TESTÍCULO (TCG),Metastático – 1ª linha,GETUG T93BP,TCGNS metastático bom prognóstico,BEP ×3 (E500) vs EP ×4 (E500),Resposta favorável,SLE 4 anos 91% vs 86% (P=0.135),Óbitos 5 vs 12 (P=0.096) – NS,Resposta favorável 124 vs 122 pacientes (P=0.34),Sem diferença significativa (estudo subdimensionado),SLE 4 anos +5 pp (NS),Ann Oncol 2007 https://pubmed.ncbi.nlm.nih.gov/17351252/ (seguimento 53 m),https://pubmed.ncbi.nlm.nih.gov/17351252/
TESTÍCULO (TCG),Metastático – 1ª linha,EORTC 30983 (T-BEP),TCG prognóstico intermediário,Paclitaxel+BEP (T-BEP) + G-CSF vs BEP,SLP,SLP 3 anos ITT 79.4% vs 71.1%; HR 0.73 (0.47–1.13) – NS. Elegíveis: 82.7% vs 70.1%; HR 0.60 (0.37–0.97),Sem diferença estatística,—,NEGATIVO no primário (ITT 27% NS),"SLP 3 anos +8.3 pp (ITT, NS)",JCO 2012 https://pubmed.ncbi.nlm.nih.gov/22271474/,https://pubmed.ncbi.nlm.nih.gov/22271474/
TESTÍCULO (TCG),Metastático – 1ª linha,GETUG 13,TCGNS mau prognóstico com queda desfavorável de marcadores após 1 BEP,Dose-densa (T-BEP-oxaliplatina ×2 → CIB ×2) vs BEP ×3,SLP,SLP 3 anos 59% vs 48%; HR 0.66 (0.44–1.00). Atualização: SLP 5 anos 58.9% vs 46.7%; HR 0.65 (0.44–0.97),Atualização: SG 5 anos 70.9% vs 61.3%; HR 0.74 (0.46–1.20) – NS,Quimioterapia em altas doses de resgate 8% vs 17%,SLP: 35% (atualização); SG 26% (NS),SLP 5 anos +12.2 pp; SG 5 anos +9.6 pp (NS),Lancet Oncol 2014 https://pubmed.ncbi.nlm.nih.gov/25456363/; atualização JCO 2024 https://pubmed.ncbi.nlm.nih.gov/39167741/ (seguimento 7.1 anos),https://pubmed.ncbi.nlm.nih.gov/25456363/; https://pubmed.ncbi.nlm.nih.gov/39167741/
TESTÍCULO (TCG),Classificação prognóstica,IGCCCG 1997,TCG metastático (5202 TCGNS + 660 seminomas),Classificação bom/intermediário/mau prognóstico,Modelo prognóstico,—,"SG 5 anos: bom 91%, intermediário 79%, mau 48%",—,NA,NA,JCO 1997 https://pubmed.ncbi.nlm.nih.gov/9053482/,https://pubmed.ncbi.nlm.nih.gov/9053482/
TESTÍCULO (TCG),Classificação prognóstica,IGCCCG Update 2021 (TCGNS),TCGNS metastático tratado 1990–2013 (n=9728),Reclassificação moderna,SLP/SG 5 anos,"SLP 5 anos: bom 90%, intermediário 78%, mau 54%","SG 5 anos: bom 96%, intermediário 89%, mau 67%","Novos fatores: DHL >2.5× LSN, idade, metástases pulmonares",NA,"SG 5 anos vs 1997: +4 pp (bom), +9 pp (interm.), +19 pp (mau)",JCO 2021 https://pubmed.ncbi.nlm.nih.gov/33822655/,https://pubmed.ncbi.nlm.nih.gov/33822655/
TESTÍCULO (TCG),Classificação prognóstica,IGCCCG Update 2021 (seminoma),Seminoma metastático (n=2451),Reclassificação moderna,SLP/SG 5 anos,"SLP 5 anos: bom 89%, intermediário 79%","SG 5 anos: bom 95%, intermediário 88%",DHL >2.5× LSN: SLP 3 anos 80% vs 92%,NA,"SG 5 anos vs 1997: +9 pp (bom), +16 pp (interm.)",JCO 2021 https://pubmed.ncbi.nlm.nih.gov/33729863/,https://pubmed.ncbi.nlm.nih.gov/33729863/
TESTÍCULO (TCG),Resgate,"TIP 2ª linha (MSKCC, fase 2)",TCG após quimioterapia com cisplatina (n=104),Paclitaxel+ifosfamida+cisplatina (braço único),Resposta favorável,SLP 5 anos 66%,SG 5 anos 69%,"Risco favorável MSKCC: resposta favorável 79%, SLP 5 anos 67%",NA (braço único),NA,JCO 2024 https://pubmed.ncbi.nlm.nih.gov/39028926/ (seguimento 8.9 anos),https://pubmed.ncbi.nlm.nih.gov/39028926/
TESTÍCULO (TCG),Resgate,TIGER (A031102/EORTC 1407),"TCG recidivado, 1º resgate",TI-CE (alta dose + TCTH) vs TIP convencional,SG,UNKNOWN,UNKNOWN,"UNKNOWN – sem resultados publicados (NCT02375204; ativo, não recrutando)",UNKNOWN,UNKNOWN,ClinicalTrials.gov https://clinicaltrials.gov/study/NCT02375204,https://clinicaltrials.gov/study/NCT02375204
BEXIGA (UROTÉLIO),NMIBC,SWOG 8507 (BCG manutenção),Ta/T1/CIS de risco aumentado após indução com BCG,"BCG manutenção (3 semanas aos 3, 6 m e depois a cada 6 m até 3 anos) vs sem manutenção",SLR,—,SG 5 anos 83% vs 78%,SLR mediana 76.8 vs 35.7 m (p<0.0001); sobrevida livre de piora: NE vs 111.5 m (p=0.04),UNKNOWN (sem HR),SLR +41.1 m; SG 5 anos +5 pp,J Urol 2000 https://pubmed.ncbi.nlm.nih.gov/10737480/,https://pubmed.ncbi.nlm.nih.gov/10737480/
BEXIGA (UROTÉLIO),NMIBC,NIMBUS,"NMIBC alto grau, BCG-naïve",BCG frequência reduzida (9 instilações) vs BCG padrão (15),Tempo até 1ª recidiva,—,UNKNOWN,"Recidivas 46/170 (reduzido) vs 21/175 (padrão); HR 0.40 (limite superior IC 97.5% unilateral 0.68) – esquema reduzido inferior, estudo interrompido",Esquema reduzido PIOR (inferior),Recidivas 27.1% vs 12.0% (+15.1 pp com esquema reduzido),Eur Urol 2020 https://pubmed.ncbi.nlm.nih.gov/32446864/ (seguimento 12 m),https://pubmed.ncbi.nlm.nih.gov/32446864/
BEXIGA (UROTÉLIO),NMIBC,POTOMAC,"NMIBC alto risco, BCG-naïve",Durvalumabe (1 ano) + BCG indução+manutenção vs durvalumabe + BCG indução vs BCG indução+manutenção,SLD (durva+BCG I+M vs BCG),—,UNKNOWN,SLD: eventos 20% vs 29%; HR 0.68 (0.50–0.93),SLD: 32%,Eventos −9 pp,Lancet 2025 https://pubmed.ncbi.nlm.nih.gov/41115436/ (seguimento 60.7 m),https://pubmed.ncbi.nlm.nih.gov/41115436/
BEXIGA (UROTÉLIO),NMIBC,CREST,"NMIBC alto risco, BCG-naïve",Sasanlimabe SC + BCG indução+manutenção vs sasanlimabe + BCG indução vs BCG indução+manutenção,SLE (braço A vs C),—,UNKNOWN (secundário),SLE HR 0.68 (0.49–0.94); SLE 36 m 82.1% vs 74.8%,SLE: 32%,SLE 36 m +7.3 pp,Nat Med 2025 https://pubmed.ncbi.nlm.nih.gov/40450141/,https://pubmed.ncbi.nlm.nih.gov/40450141/
BEXIGA (UROTÉLIO),NMIBC,KEYNOTE-057 (fase 2),NMIBC alto risco BCG-refratário: coorte A (CIS ± papilar) e coorte B (papilar sem CIS),Pembrolizumabe (braço único),RC (coorte A); SLD (coorte B),—,—,Coorte A: RC aos 3 m 41% (39/96). Coorte B: SLD 12 m 43.5%,NA (braço único),NA,Lancet Oncol 2021 https://pubmed.ncbi.nlm.nih.gov/34051177/ (36.4 m); coorte B Lancet Oncol 2024 https://pubmed.ncbi.nlm.nih.gov/38740030/ (45.4 m),https://pubmed.ncbi.nlm.nih.gov/34051177/; https://pubmed.ncbi.nlm.nih.gov/38740030/
BEXIGA (UROTÉLIO),NMIBC,"SunRISe-1 (TAR-200, fase 2b)","NMIBC alto risco BCG-refratário (CIS ± papilar, C2; papilar isolado, C4)",TAR-200 (sistema intravesical de gemcitabina) monoterapia; coortes com cetrelimabe,RC (C1–C3); SLD (C4),—,—,C2: RC 82.4%; DR 25.8 m. C4: SLD 12 m 70.2%. C1 (TAR-200+cetrelimabe) RC 67.9%; C3 (cetrelimabe) RC 46.4%,NA (braço único),NA,JCO 2025 https://pubmed.ncbi.nlm.nih.gov/40737582/,https://pubmed.ncbi.nlm.nih.gov/40737582/
BEXIGA (UROTÉLIO),NMIBC,BRIDGE (EA8212),"NMIBC alto grau, BCG-naïve",Gemcitabina+docetaxel intravesical vs BCG,SLE (não inferioridade),—,UNKNOWN,UNKNOWN – sem resultados publicados (NCT05538663; fechado ao recrutamento),UNKNOWN,UNKNOWN,ClinicalTrials.gov https://clinicaltrials.gov/study/NCT05538663; ECOG-ACRIN https://ecog-acrin.org/clinical-trials/ea8212-bridge-bladder-cancer/,https://clinicaltrials.gov/study/NCT05538663
BEXIGA (UROTÉLIO),MIBC – perioperatório/preservação vesical,SWOG S8710,MIBC T2–T4a candidato a cistectomia,MVAC neoadjuvante ×3 + cistectomia vs cistectomia,SG,—,77 vs 46 m (P=0.06),pT0 38% vs 15% (P<0.001),UNKNOWN (sem HR no abstract),SG +31 m; pT0 +23 pp,NEJM 2003 https://pubmed.ncbi.nlm.nih.gov/12944571/,https://pubmed.ncbi.nlm.nih.gov/12944571/
BEXIGA (UROTÉLIO),MIBC – perioperatório/preservação vesical,VESPER (GETUG/AFU V05),MIBC não metastático (peri-operatório),ddMVAC ×6 vs gemcitabina-cisplatina ×4 (neo ou adjuvante),SLP 3 anos,SLP 3 anos 64% vs 56%; HR 0.77 (0.57–1.02) – primário NÃO atingido. Neoadjuvante: 66% vs 56%; HR 0.70 (0.51–0.96),UNKNOWN no abstract,Tempo até progressão 3 anos 69% vs 58%; HR 0.68 (0.50–0.93). Neo: pCR 42% vs 36% (p=0.2); <ypT3N0 77% vs 63%,NEGATIVO no primário (SLP 23% NS),SLP 3 anos +8 pp (NS),JCO 2022 https://pubmed.ncbi.nlm.nih.gov/35254888/; Eur Urol 2021 https://pubmed.ncbi.nlm.nih.gov/32868138/,https://pubmed.ncbi.nlm.nih.gov/35254888/; https://pubmed.ncbi.nlm.nih.gov/32868138/
BEXIGA (UROTÉLIO),MIBC – perioperatório/preservação vesical,NIAGARA,MIBC elegível a cisplatina,Durvalumabe + GC neoadjuvante → cistectomia → durvalumabe adjuvante vs GC neoadjuvante → cistectomia,SLE e pCR,—,SG 24 m 82.2% vs 75.2%; HR 0.75 (0.59–0.93),SLE 24 m 67.8% vs 59.8%; HR 0.68 (0.56–0.82),SLE: 32%; SG: 25%,SLE 24 m +8.0 pp; SG 24 m +7.0 pp,NEJM 2024 https://pubmed.ncbi.nlm.nih.gov/39282910/,https://pubmed.ncbi.nlm.nih.gov/39282910/
BEXIGA (UROTÉLIO),MIBC – perioperatório/preservação vesical,KEYNOTE-B15/EV-304,MIBC elegível a cisplatina,EV+pembrolizumabe perioperatório vs GC neoadjuvante (+ cistectomia),SLE,—,SG 2 anos 86.9% vs 81.3%; HR 0.65 (0.48–0.89),SLE 2 anos 79.4% vs 66.2%; HR 0.53 (0.41–0.70). pCR 55.8% vs 32.5%,SLE: 47%; SG: 35%,SLE 2 anos +13.2 pp; SG 2 anos +5.6 pp; pCR +23.3 pp,NEJM 2026 https://pubmed.ncbi.nlm.nih.gov/42485627/ (seguimento mediano 33.6 m),https://pubmed.ncbi.nlm.nih.gov/42485627/
BEXIGA (UROTÉLIO),MIBC – perioperatório/preservação vesical,KEYNOTE-905/EV-303,MIBC inelegível ou recusando cisplatina,EV+pembrolizumabe perioperatório + cistectomia vs cistectomia isolada,SLE,—,SG 2 anos 79.7% vs 63.1%; HR 0.50 (0.33–0.74),SLE 2 anos 74.7% vs 39.4%; HR 0.40 (0.28–0.57). pCR 57.1% vs 8.6%,SLE: 60%; SG: 50%,SLE 2 anos +35.3 pp; SG 2 anos +16.6 pp; pCR +48.5 pp (diferença estimada pela fonte 48.3 pp),NEJM 2026 https://pubmed.ncbi.nlm.nih.gov/41707170/ (seguimento 25.6 m),https://pubmed.ncbi.nlm.nih.gov/41707170/
BEXIGA (UROTÉLIO),MIBC – perioperatório/preservação vesical,BC2001,MIBC T2–T4a N0 – preservação vesical,RT + 5-FU/mitomicina C vs RT isolada,Controle locorregional,—,SG 5 anos 48% vs 35%; HR 0.82 (0.63–1.09) – NS. 10 anos: HR 0.88 (0.69–1.13) – NS,SLD locorregional 2 anos 67% vs 54%; HR 0.68 (0.48–0.96). 10 anos: controle locorregional HR 0.61 (0.43–0.86); cistectomia 5 anos 14% vs 22%,Controle locorregional: 39% (10 anos); SG sem ganho significativo,SLD locorregional 2 anos +13 pp; SG 5 anos +13 pp (NS),NEJM 2012 https://pubmed.ncbi.nlm.nih.gov/22512481/ (69.9 m); 10 anos Eur Urol 2022 https://pubmed.ncbi.nlm.nih.gov/35577644/,https://pubmed.ncbi.nlm.nih.gov/22512481/; https://pubmed.ncbi.nlm.nih.gov/35577644/
BEXIGA (UROTÉLIO),MIBC – adjuvância,CheckMate 274,Carcinoma urotelial músculo-invasivo de alto risco após cirurgia radical (± QT neo),Nivolumabe 1 ano vs placebo,SLD (ITT e PD-L1 ≥1%),—,Interina: HR 0.76 (0.61–0.96). 5 anos: 75.0 vs 50.1 m; HR 0.83 (0.67–1.02) – NS,"SLD: 20.8 vs 10.8 m; HR 0.70 (IC 98.22% 0.55–0.90). 5 anos: 21.9 vs 11.0 m; HR 0.74 (0.61–0.90); PD-L1 ≥1%: 55.5 vs 8.4 m, HR 0.58 (0.42–0.79)",SLD: 26% (5 anos); SG 17% (NS),SLD +10.9 m; SG +24.9 m (NS),NEJM 2021 https://pubmed.ncbi.nlm.nih.gov/34077643/; JCO 2025 https://pubmed.ncbi.nlm.nih.gov/39393026/ (36.1 m); 5 anos Ann Oncol 2026 https://pubmed.ncbi.nlm.nih.gov/41110694/,https://pubmed.ncbi.nlm.nih.gov/34077643/; https://pubmed.ncbi.nlm.nih.gov/39393026/; https://pubmed.ncbi.nlm.nih.gov/41110694/
BEXIGA (UROTÉLIO),MIBC – adjuvância,AMBASSADOR (A031501),Carcinoma urotelial músculo-invasivo de alto risco após cirurgia radical,Pembrolizumabe 1 ano vs observação,SLD e SG,—,UNKNOWN no abstract,SLD 29.6 vs 14.2 m; HR 0.73 (0.59–0.90),SLD: 27%,SLD +15.4 m,NEJM 2025 https://pubmed.ncbi.nlm.nih.gov/39282902/ (seguimento 44.8 m),https://pubmed.ncbi.nlm.nih.gov/39282902/
BEXIGA (UROTÉLIO),MIBC – adjuvância,IMvigor010,Carcinoma urotelial músculo-invasivo de alto risco após cirurgia,Atezolizumabe 1 ano vs observação,SLD,—,UNKNOWN no abstract,SLD 19.4 vs 16.6 m; HR 0.89 (0.74–1.08); p=0.24,NEGATIVO (SLD 11% NS),SLD +2.8 m (NS),Lancet Oncol 2021 https://pubmed.ncbi.nlm.nih.gov/33721560/ (seguimento 21.9 m),https://pubmed.ncbi.nlm.nih.gov/33721560/
BEXIGA (UROTÉLIO),MIBC – adjuvância,IMvigor011,MIBC pós-cistectomia com ctDNA positivo na vigilância seriada,Atezolizumabe vs placebo (2:1),SLD,—,32.8 vs 21.1 m; HR 0.59 (0.39–0.90),SLD 9.9 vs 4.8 m; HR 0.64 (0.47–0.87). ctDNA persistentemente negativo (n=357): SLD 2 anos 88%,SLD: 36%; SG: 41%,SLD +5.1 m; SG +11.7 m,NEJM 2025 https://pubmed.ncbi.nlm.nih.gov/41124204/,https://pubmed.ncbi.nlm.nih.gov/41124204/
BEXIGA (UROTÉLIO),Metastático – 1ª linha,EV-302/KEYNOTE-A39,Carcinoma urotelial localmente avançado/metastático não tratado,Enfortumabe vedotina + pembrolizumabe vs QT com platina,SLP e SG,Primária: 12.5 vs 6.3 m; HR 0.45 (0.38–0.54). Atualização: 12.5 vs 6.3 m; HR 0.48 (0.41–0.57),Primária: 31.5 vs 16.1 m; HR 0.47 (0.38–0.58). Atualização 2.5 anos: 33.8 vs 15.9 m; HR 0.51 (0.43–0.61),—,SG: 49%; SLP: 52% (atualização),SG +17.9 m; SLP +6.2 m,NEJM 2024 https://pubmed.ncbi.nlm.nih.gov/38446675/ (17.2 m); Ann Oncol 2025 https://pubmed.ncbi.nlm.nih.gov/40460988/ (2.5 anos),https://pubmed.ncbi.nlm.nih.gov/38446675/; https://pubmed.ncbi.nlm.nih.gov/40460988/
BEXIGA (UROTÉLIO),Metastático – 1ª linha,CheckMate 901 (nivo+GC),"Carcinoma urotelial irressecável/metastático não tratado, elegível a cisplatina",Nivolumabe + gemcitabina-cisplatina → nivolumabe vs GC,SG e SLP,7.9 vs 7.6 m; HR 0.72 (0.59–0.88); SLP 12 m 34.2% vs 21.8%,21.7 vs 18.9 m; HR 0.78 (0.63–0.96),TRO 57.6% vs 43.1%; RC 21.7% vs 11.8%,SG: 22%; SLP: 28%,SG +2.8 m; SLP +0.3 m,NEJM 2023 https://pubmed.ncbi.nlm.nih.gov/37870949/ (seguimento 33.6 m),https://pubmed.ncbi.nlm.nih.gov/37870949/
BEXIGA (UROTÉLIO),Metastático – 1ª linha,JAVELIN Bladder 100,Carcinoma urotelial avançado sem progressão após 4–6 ciclos de QT com platina,Avelumabe manutenção + BSC vs BSC,SG,3.7 vs 2.0 m; HR 0.62 (0.52–0.75),21.4 vs 14.3 m; HR 0.69 (0.56–0.86); SG 1 ano 71.3% vs 58.4%. Atualização (≥2 anos): HR 0.76 (0.63–0.91),PD-L1+: SG HR 0.56 (0.40–0.79),SG: 31% (primária); 24% (atualização),SG +7.1 m; SLP +1.7 m,NEJM 2020 https://pubmed.ncbi.nlm.nih.gov/32945632/; JCO 2023 https://pubmed.ncbi.nlm.nih.gov/37071838/ (seguimento ~38 m),https://pubmed.ncbi.nlm.nih.gov/32945632/; https://pubmed.ncbi.nlm.nih.gov/37071838/
BEXIGA (UROTÉLIO),Metastático – 1ª linha,IMvigor130,Carcinoma urotelial metastático não tratado,Atezolizumabe + QT platina vs atezolizumabe vs placebo + QT,SLP e SG,Atezo+QT vs QT: 8.2 vs 6.3 m; HR 0.82 (0.70–0.96),Interina: 16.0 vs 13.4 m; HR 0.83 (0.69–1.00) – não significativa. Atezo mono vs QT: 15.7 vs 13.1 m; HR 1.02 (0.83–1.24),—,SLP: 18%; SG sem ganho significativo (interina),SLP +1.9 m; SG +2.6 m (NS),Lancet 2020 https://pubmed.ncbi.nlm.nih.gov/32416780/ (seguimento 11.8 m),https://pubmed.ncbi.nlm.nih.gov/32416780/
BEXIGA (UROTÉLIO),Metastático – 1ª linha,KEYNOTE-361,Carcinoma urotelial avançado não tratado,Pembrolizumabe + QT vs pembrolizumabe vs QT,SLP e SG,8.3 vs 7.1 m; HR 0.78 (0.65–0.93) – não atingiu significância pré-especificada,17.0 vs 14.3 m; HR 0.86 (0.72–1.02) – NS. Pembro mono vs QT: 15.6 vs 14.3 m; HR 0.92 (0.77–1.11),—,"NEGATIVO (SLP 22% e SG 14%, NS pelo critério)",SG +2.7 m (NS),Lancet Oncol 2021 https://pubmed.ncbi.nlm.nih.gov/34051178/ (seguimento 31.7 m),https://pubmed.ncbi.nlm.nih.gov/34051178/
BEXIGA (UROTÉLIO),Metastático – 2ª linha e posteriores,KEYNOTE-045,Carcinoma urotelial avançado após platina,"Pembrolizumabe vs QT (paclitaxel, docetaxel ou vinflunina)",SG e SLP,HR 0.98 (0.81–1.19) – sem ganho,10.3 vs 7.4 m; HR 0.73 (0.59–0.91). Longo prazo: SG 2 anos 26.9% vs 14.3%,TRO 21.1% vs 11.0% (longo prazo),SG: 27%; SLP: sem ganho,SG +2.9 m; SG 2 anos +12.6 pp,NEJM 2017 https://pubmed.ncbi.nlm.nih.gov/28212060/; Ann Oncol 2019 https://pubmed.ncbi.nlm.nih.gov/31050707/ (27.7 m),https://pubmed.ncbi.nlm.nih.gov/28212060/; https://pubmed.ncbi.nlm.nih.gov/31050707/
BEXIGA (UROTÉLIO),Metastático – 2ª linha e posteriores,EV-301,Carcinoma urotelial avançado após platina e anti-PD-(L)1,"Enfortumabe vedotina vs QT (docetaxel, paclitaxel ou vinflunina)",SG,5.55 vs 3.71 m; HR 0.62 (0.51–0.75). 24 m: HR 0.63 (0.53–0.76),12.88 vs 8.97 m; HR 0.70 (0.56–0.89). 24 m: HR 0.70 (0.58–0.85),—,SG: 30%; SLP: 38%,SG +3.91 m; SLP +1.84 m,NEJM 2021 https://pubmed.ncbi.nlm.nih.gov/33577729/ (11.1 m); Ann Oncol 2023 https://pubmed.ncbi.nlm.nih.gov/37678672/ (23.75 m),https://pubmed.ncbi.nlm.nih.gov/33577729/; https://pubmed.ncbi.nlm.nih.gov/37678672/
BEXIGA (UROTÉLIO),Metastático – 2ª linha e posteriores,THOR (coorte 1),Carcinoma urotelial metastático com alteração FGFR3/2 após anti-PD-(L)1,Erdafitinibe vs QT (docetaxel ou vinflunina),SG,5.6 vs 2.7 m; HR 0.58 (0.44–0.78),12.1 vs 7.8 m; HR 0.64 (0.47–0.88),—,SG: 36%; SLP: 42%,SG +4.3 m; SLP +2.9 m,NEJM 2023 https://pubmed.ncbi.nlm.nih.gov/37870920/ (seguimento 15.9 m),https://pubmed.ncbi.nlm.nih.gov/37870920/
BEXIGA (UROTÉLIO),Metastático – 2ª linha e posteriores,"DESTINY-PanTumor02 (coorte bexiga, fase 2)",Tumores sólidos HER2-expressores (IHC 3+/2+) pré-tratados – coorte urotelial,Trastuzumabe deruxtecana (braço único),TRO (investigador),Todas as coortes: 6.9 m (bexiga UNKNOWN),Todas as coortes: 13.4 m (bexiga UNKNOWN),Bexiga: TRO 39.0% (todos); 56.3% em IHC 3+ central (n=16),NA (braço único),NA,JCO 2024 https://pubmed.ncbi.nlm.nih.gov/37870536/ (texto completo PMC),https://pubmed.ncbi.nlm.nih.gov/37870536/
RIM (CCR),Adjuvância/perioperatório,KEYNOTE-564,CCR células claras alto risco pós-nefrectomia (± metastasectomia M1 NED),Pembrolizumabe 1 ano vs placebo,SLD,—,SG: HR 0.62 (0.44–0.87); SG 48 m 91.2% vs 86.0%,SLD 24 m 77.3% vs 68.1%; HR 0.68 (0.53–0.87). Atualização: SLD HR 0.72 (0.59–0.87),SLD: 28% (atualização); SG: 38%,SLD 24 m +9.2 pp; SG 48 m +5.2 pp,NEJM 2021 https://pubmed.ncbi.nlm.nih.gov/34407342/; SG NEJM 2024 https://pubmed.ncbi.nlm.nih.gov/38631003/ (seguimento 57.2 m),https://pubmed.ncbi.nlm.nih.gov/34407342/; https://pubmed.ncbi.nlm.nih.gov/38631003/
RIM (CCR),Adjuvância/perioperatório,LITESPARK-022,CCR células claras risco aumentado pós-nefrectomia,Pembrolizumabe + belzutifano vs pembrolizumabe + placebo,SLD,—,Interina (29% dos eventos): HR 0.78 (0.51–1.19) – NS; SG 24 m 96.2% vs 95.7%,SLD 24 m 80.7% vs 73.7%; HR 0.72 (0.59–0.87). EAs grau ≥3 52.1% vs 30.2%,SLD: 28%,SLD 24 m +7.0 pp,NEJM 2026 https://pubmed.ncbi.nlm.nih.gov/42384869/ (seguimento 28.4 m),https://pubmed.ncbi.nlm.nih.gov/42384869/
RIM (CCR),Adjuvância/perioperatório,IMmotion010,CCR (células claras ou componente sarcomatoide) risco aumentado pós-ressecção,Atezolizumabe 1 ano vs placebo,SLD (investigador),—,UNKNOWN no abstract,SLD 57.2 vs 49.5 m; HR 0.93 (0.75–1.15); p=0.50,NEGATIVO (sem ganho),SLD +7.7 m (NS),Lancet 2022 https://pubmed.ncbi.nlm.nih.gov/36099926/ (seguimento 44.7 m),https://pubmed.ncbi.nlm.nih.gov/36099926/
RIM (CCR),Adjuvância/perioperatório,CheckMate 914 (partes A e B),CCR localizado alto risco pós-nefrectomia,A: nivolumabe+ipilimumabe vs placebo; B: nivolumabe vs placebo,SLD (BICR),—,Imatura (UNKNOWN),A: SLD NA vs 50.7 m; HR 0.92 (0.71–1.19). B: SLD 18 m 78.4% vs 75.4%; HR 0.87 (0.62–1.21),"NEGATIVO (A e B, sem ganho)",B: SLD 18 m +3.0 pp (NS),Lancet 2023 https://pubmed.ncbi.nlm.nih.gov/36774933/ (37.0 m); parte B JCO 2025 https://pubmed.ncbi.nlm.nih.gov/39303200/ (27.0 m),https://pubmed.ncbi.nlm.nih.gov/36774933/; https://pubmed.ncbi.nlm.nih.gov/39303200/
RIM (CCR),Adjuvância/perioperatório,PROSPER (EA8143),CCR ≥cT2 ou N+ candidato a nefrectomia,Nivolumabe perioperatório (neo + adjuvante) vs cirurgia + vigilância,SLR,—,Óbitos 12% vs 10%,SLR: eventos 33% vs 33%; HR 0.94 (0.74–1.21) – interrompido por futilidade,NEGATIVO (sem ganho),~0,Lancet Oncol 2024 https://pubmed.ncbi.nlm.nih.gov/38942046/ (seguimento 30 m),https://pubmed.ncbi.nlm.nih.gov/38942046/
RIM (CCR),Adjuvância/perioperatório,S-TRAC,CCR células claras alto risco locorregional pós-nefrectomia,Sunitinibe 1 ano vs placebo,SLD,—,Imatura,SLD 6.8 vs 5.6 anos; HR 0.76 (0.59–0.98),SLD: 24%,SLD +1.2 anos,NEJM 2016 https://pubmed.ncbi.nlm.nih.gov/27718781/,https://pubmed.ncbi.nlm.nih.gov/27718781/
RIM (CCR),Adjuvância/perioperatório,ASSURE (E2805),CCR alto risco não metastático ressecado (pT1b alto grau ou mais),Sunitinibe vs sorafenibe vs placebo,SLD,—,UNKNOWN no abstract,SLD 5.8 (sunitinibe) vs 6.1 (sorafenibe) vs 6.6 anos (placebo); HR 1.02 (IC 97.5% 0.85–1.23) e 0.97 (0.80–1.17),NEGATIVO (sem ganho),SLD −0.8 anos (sunitinibe) e −0.5 anos (sorafenibe),Lancet 2016 https://pubmed.ncbi.nlm.nih.gov/26969090/,https://pubmed.ncbi.nlm.nih.gov/26969090/
RIM (CCR),Metastático – 1ª linha,CheckMate 214,CCR avançado não tratado (primário: risco intermediário/alto IMDC),Nivolumabe+ipilimumabe vs sunitinibe,"SG, SLP e TRO (int./alto risco)",Primária (I/P): 11.6 vs 8.4 m; HR 0.82 – NS pelo limiar 0.009. Final: SLP 96 m 25.4% vs 8.5% (I/P); 22.7% vs 9.0% (ITT),"Primária (I/P): NA vs 26.0 m; HR 0.63. Final 9.3 anos: I/P HR 0.69 (0.59–0.81); SG 108 m 30.2% vs 18.7%; ITT HR 0.71 (0.62–0.82), 31.4% vs 19.5%; favorável HR 0.80 (0.59–1.09)",TRO I/P 42% vs 27%; RC 9% vs 1% (primária),"SG: 31% (I/P, final)",SG 108 m +11.5 pp (I/P); TRO +15 pp,NEJM 2018 https://pubmed.ncbi.nlm.nih.gov/29562145/; 8 anos Ann Oncol 2024 https://pubmed.ncbi.nlm.nih.gov/39098455/; final Ann Oncol 2026 https://pubmed.ncbi.nlm.nih.gov/41786248/,https://pubmed.ncbi.nlm.nih.gov/29562145/; https://pubmed.ncbi.nlm.nih.gov/39098455/; https://pubmed.ncbi.nlm.nih.gov/41786248/
RIM (CCR),Metastático – 1ª linha,KEYNOTE-426,CCR células claras avançado não tratado,Pembrolizumabe+axitinibe vs sunitinibe,SG e SLP,Primária: 15.1 vs 11.1 m; HR 0.69 (0.57–0.84). 5 anos: HR 0.69 (0.59–0.81),Primária: SG 12 m 89.9% vs 78.3%; HR 0.53 (0.38–0.74). 5 anos: HR 0.84 (0.71–0.99),TRO 59.3% vs 35.7% (primária); 60.6% vs 39.6% (5 anos),SG: 16% (5 anos); SLP: 31%,SLP +4.0 m; TRO +21.0 pp (5 anos),NEJM 2019 https://pubmed.ncbi.nlm.nih.gov/30779529/; 5 anos Nat Med 2025 https://pubmed.ncbi.nlm.nih.gov/40750932/,https://pubmed.ncbi.nlm.nih.gov/30779529/; https://pubmed.ncbi.nlm.nih.gov/40750932/
RIM (CCR),Metastático – 1ª linha,CheckMate 9ER,CCR células claras avançado não tratado,Nivolumabe+cabozantinibe vs sunitinibe,SLP,Primária: 16.6 vs 8.3 m; HR 0.51 (0.41–0.64). Final: 16.4 vs 8.3 m; HR 0.58 (0.49–0.70),Primária: SG 12 m 85.7% vs 75.6%; HR 0.60 (IC 98.89% 0.40–0.89). Final: 46.5 vs 35.5 m; HR 0.79 (0.65–0.96); SG 60 m 40.9% vs 35.4%,TRO 55.7% vs 27.4%; RC 13.9% vs 4.6% (final),SG: 21%; SLP: 42% (final),SG +11.0 m; SLP +8.1 m,NEJM 2021 https://pubmed.ncbi.nlm.nih.gov/33657295/; final Ann Oncol 2026 https://pubmed.ncbi.nlm.nih.gov/40998092/ (seguimento 67.6 m),https://pubmed.ncbi.nlm.nih.gov/33657295/; https://pubmed.ncbi.nlm.nih.gov/40998092/
RIM (CCR),Metastático – 1ª linha,CLEAR,CCR avançado não tratado,Lenvatinibe+pembrolizumabe vs lenvatinibe+everolimo vs sunitinibe,SLP,Lenva+pembro vs sunitinibe: 23.9 vs 9.2 m; HR 0.39 (0.32–0.49); final HR 0.47 (0.38–0.57),Primária: HR 0.66 (0.49–0.88). Final: 53.7 vs 54.3 m; HR 0.79 (0.63–0.99); SG 36 m 66.4% vs 60.2%. Lenva+everolimo: SG HR 1.15 (0.88–1.50),TRO 71.3% vs 36.7% (final),SG: 21%; SLP: 53% (final),SLP +14.7 m; SG 36 m +6.2 pp; mediana SG −0.6 m,NEJM 2021 https://pubmed.ncbi.nlm.nih.gov/33616314/; SG final JCO 2024 https://pubmed.ncbi.nlm.nih.gov/38227898/,https://pubmed.ncbi.nlm.nih.gov/33616314/; https://pubmed.ncbi.nlm.nih.gov/38227898/
RIM (CCR),Metastático – 1ª linha,COSMIC-313,"CCR células claras avançado não tratado, risco intermediário/alto",Cabozantinibe + nivolumabe+ipilimumabe vs placebo + nivo+ipi,SLP,Primária: SLP 12 m 0.57 vs 0.49; HR 0.73 (0.57–0.94). Final: 16.6 vs 11.2 m; HR 0.82 (0.69–0.98),Final: HR 1.02 (0.85–1.23); P=0.84 – sem ganho,TRO 43% vs 36%; EAs grau 3/4 relacionados 75% vs 43% (final),SLP: 18% (final); SG: sem ganho,SLP +5.4 m,NEJM 2023 https://pubmed.ncbi.nlm.nih.gov/37163623/; final Ann Oncol 2026 https://pubmed.ncbi.nlm.nih.gov/41720427/ (seguimento 45.0 m),https://pubmed.ncbi.nlm.nih.gov/37163623/; https://pubmed.ncbi.nlm.nih.gov/41720427/
RIM (CCR),Metastático – 1ª linha,CARMENA,"CCR células claras metastático ao diagnóstico, risco intermediário/alto MSKCC",Sunitinibe isolado vs nefrectomia citorredutora → sunitinibe,SG (não inferioridade),Sem diferença significativa,18.4 (sunitinibe isolado) vs 13.9 m; HR 0.89 (0.71–1.10) – NI demonstrada,—,N/A (NI); nefrectomia sem ganho,SG +4.5 m sem nefrectomia,NEJM 2018 https://pubmed.ncbi.nlm.nih.gov/29860937/ (seguimento 50.9 m),https://pubmed.ncbi.nlm.nih.gov/29860937/
RIM (CCR),Metastático – 2ª linha e posteriores,CheckMate 025,CCR células claras após 1–2 antiangiogênicos,Nivolumabe vs everolimo,SG,4.6 vs 4.4 m; HR 0.88 (0.75–1.03) – NS,25.0 vs 19.6 m; HR 0.73 (IC 98.5% 0.57–0.93),TRO 25% vs 5%,SG: 27%,SG +5.4 m,NEJM 2015 https://pubmed.ncbi.nlm.nih.gov/26406148/,https://pubmed.ncbi.nlm.nih.gov/26406148/
RIM (CCR),Metastático – 2ª linha e posteriores,METEOR,CCR células claras após ≥1 TKI anti-VEGFR,Cabozantinibe vs everolimo,SLP,7.4 vs 3.8 m; HR 0.58 (0.45–0.75). Final: HR 0.51 (0.41–0.62),Final: 21.4 vs 16.5 m; HR 0.66 (0.53–0.83),TRO 17% vs 3% (final),SG: 34%; SLP: 49% (final),SG +4.9 m; SLP +3.6 m,NEJM 2015 https://pubmed.ncbi.nlm.nih.gov/26406150/; final Lancet Oncol 2016 https://pubmed.ncbi.nlm.nih.gov/27279544/,https://pubmed.ncbi.nlm.nih.gov/26406150/; https://pubmed.ncbi.nlm.nih.gov/27279544/
RIM (CCR),Metastático – 2ª linha e posteriores,LITESPARK-005,CCR células claras após anti-PD-(L)1 e antiangiogênico,Belzutifano vs everolimo,SLP e SG,5.6 vs 5.6 m; SLP 18 m 24.0% vs 8.3% (P=0.002),21.4 vs 18.1 m; HR 0.88 (0.73–1.07) – NS,TRO 21.9% vs 3.5%,SLP: HR UNKNOWN no abstract; SG 12% (NS),SLP 18 m +15.7 pp; SG +3.3 m (NS),NEJM 2024 https://pubmed.ncbi.nlm.nih.gov/39167807/ (seguimento 18.4/25.7 m),https://pubmed.ncbi.nlm.nih.gov/39167807/
RIM (CCR),Metastático – 2ª linha e posteriores,LITESPARK-011,CCR células claras avançado após anti-PD-(L)1,Belzutifano+lenvatinibe vs cabozantinibe,SLP e SG,14.8 vs 10.7 m; HR 0.70 (0.59–0.84),34.9 vs 27.6 m; HR 0.85 (0.68–1.05) – NS (interina),—,SLP: 30%; SG 15% (NS),SLP +4.1 m; SG +7.3 m (NS),Lancet 2026 https://pubmed.ncbi.nlm.nih.gov/42586114/ (seguimento 29.0 m),https://pubmed.ncbi.nlm.nih.gov/42586114/
RIM (CCR),Metastático – 2ª linha e posteriores,CONTACT-03,CCR avançado após inibidor de checkpoint,Atezolizumabe+cabozantinibe vs cabozantinibe,SLP e SG,10.6 vs 10.8 m; HR 1.03 (0.83–1.28),25.7 m vs NE; HR 0.94 (0.70–1.27),Mais EAs graves 48% vs 33%,NEGATIVO (sem ganho; mais toxicidade),SLP −0.2 m,Lancet 2023 https://pubmed.ncbi.nlm.nih.gov/37290461/ (seguimento 15.2 m),https://pubmed.ncbi.nlm.nih.gov/37290461/
RIM (CCR),Metastático – 2ª linha e posteriores,TiNivo-2,CCR avançado após 1–2 linhas incluindo inibidor de checkpoint,Tivozanibe+nivolumabe vs tivozanibe,SLP,5.7 vs 7.4 m; HR 1.10 (0.84–1.43),UNKNOWN (imatura),—,NEGATIVO (SLP numericamente pior),SLP −1.7 m,Lancet 2024 https://pubmed.ncbi.nlm.nih.gov/39284329/ (seguimento 12.0 m),https://pubmed.ncbi.nlm.nih.gov/39284329/
PRÓSTATA,Localizado/alto risco e pós-prostatectomia,CHHiP,Próstata localizado pT1b–T3aN0M0,RT 60 Gy/20 fr e 57 Gy/19 fr vs 74 Gy/37 fr (IMRT),Falha bioquímica/clínica (não inferioridade),"Livre de falha 5 anos: 74 Gy 88.3%, 60 Gy 90.6%, 57 Gy 85.9%; 60 Gy NI HR 0.84 (IC 90% 0.68–1.03); 57 Gy NI não demonstrada HR 1.20 (0.99–1.46)",UNKNOWN no abstract,Toxicidade tardia semelhante,N/A (NI 60 Gy),+2.3 pp (60 vs 74 Gy),Lancet Oncol 2016 https://pubmed.ncbi.nlm.nih.gov/27339115/ (seguimento 62.4 m),https://pubmed.ncbi.nlm.nih.gov/27339115/
PRÓSTATA,Localizado/alto risco e pós-prostatectomia,HYPO-RT-PC,Próstata risco intermediário-alto,RT ultra-hipofracionada 42.7 Gy/7 fr vs 78 Gy/39 fr,Sobrevida livre de falha (NI),Livre de falha 5 anos 84% vs 84%; HR ajustado 1.002 (0.758–1.325),UNKNOWN no abstract,Mais toxicidade urinária aguda/1 ano com ultra-hipofracionamento,N/A (NI),0 pp,Lancet 2019 https://pubmed.ncbi.nlm.nih.gov/31227373/ (seguimento 5.0 anos),https://pubmed.ncbi.nlm.nih.gov/31227373/
PRÓSTATA,Localizado/alto risco e pós-prostatectomia,STAMPEDE M0 (abiraterona ± enzalutamida),"Alto risco não metastático (N+ ou ≥2 de T3/4, Gleason 8–10, PSA ≥40) iniciando ADT longa (85% com RT)",ADT + abiraterona/prednisolona (± enzalutamida) por 2 anos vs ADT,SLM,—,HR 0.60 (0.48–0.73),SLM 6 anos 82% vs 69%; HR 0.53 (0.44–0.64); enzalutamida adicional sem ganho (HR interação 1.02),SLM: 47%; SG: 40%,SLM 6 anos +13 pp,Lancet 2022 https://pubmed.ncbi.nlm.nih.gov/34953525/ (seguimento 72 m),https://pubmed.ncbi.nlm.nih.gov/34953525/
PRÓSTATA,Localizado/alto risco e pós-prostatectomia,RADICALS-RT,Pós-prostatectomia com fator de risco,RT adjuvante vs RT de resgate precoce (observação),Livre de metástase à distância (relatado: SLP bioquímica),SLP bioquímica 5 anos 85% (adjuvante) vs 88% (resgate); HR 1.10 (0.81–1.49),UNKNOWN (imatura),Mais incontinência e estenose com adjuvante,RT adjuvante sem ganho (NEGATIVO para adjuvância),−3 pp com adjuvante,Lancet 2020 https://pubmed.ncbi.nlm.nih.gov/33002429/ (seguimento 4.9 anos),https://pubmed.ncbi.nlm.nih.gov/33002429/
PRÓSTATA,Localizado/alto risco e pós-prostatectomia,"ARTISTIC (metanálise RADICALS-RT, GETUG-AFU 17, RAVES)",Pós-prostatectomia (n=2153),RT adjuvante vs resgate precoce,SLE,—,UNKNOWN,SLE 5 anos 89% vs 88%; HR 0.95 (0.75–1.21),Sem ganho com adjuvante,+1 pp (NS),Lancet 2020 https://pubmed.ncbi.nlm.nih.gov/33002431/,https://pubmed.ncbi.nlm.nih.gov/33002431/
PRÓSTATA,Localizado/alto risco e pós-prostatectomia,GETUG-AFU 16,PSA em ascensão pós-prostatectomia (resgate),RT de resgate + goserelina 6 meses vs RT isolada,SLP (bioquímica/clínica),5 anos 80% vs 62%; HR 0.50 (0.38–0.66). 10 anos 64% vs 49%; HR 0.54 (0.43–0.68),UNKNOWN no abstract,—,SLP: 46% (10 anos),SLP 10 anos +15 pp,Lancet Oncol 2016 https://pubmed.ncbi.nlm.nih.gov/27160475/; 112 m Lancet Oncol 2019 https://pubmed.ncbi.nlm.nih.gov/31629656/,https://pubmed.ncbi.nlm.nih.gov/27160475/; https://pubmed.ncbi.nlm.nih.gov/31629656/
PRÓSTATA,Localizado/alto risco e pós-prostatectomia,RTOG 9601,"Pós-prostatectomia pT2 (margem +) ou pT3, N0, PSA detectável",RT de resgate + bicalutamida 150 mg 24 meses vs RT + placebo,SG,—,SG 12 anos 76.3% vs 71.3%; HR 0.77 (0.59–0.99),Morte por câncer de próstata 5.8% vs 13.4%; metástases 14.5% vs 23.0% (12 anos),SG: 23%,SG 12 anos +5.0 pp,NEJM 2017 https://pubmed.ncbi.nlm.nih.gov/28146658/ (seguimento 13 anos),https://pubmed.ncbi.nlm.nih.gov/28146658/
PRÓSTATA,Localizado/alto risco e pós-prostatectomia,RADICALS-HD (curta vs longa),RT pós-prostatectomia,ADT 24 meses vs 6 meses + RT,SLM,—,UNKNOWN no abstract,SLM 10 anos 78.1% vs 71.9%; HR 0.773 (0.612–0.975),SLM: 23%,SLM 10 anos +6.2 pp,Lancet 2024 https://pubmed.ncbi.nlm.nih.gov/38763153/ (seguimento 8.9 anos),https://pubmed.ncbi.nlm.nih.gov/38763153/
PRÓSTATA,Recidiva bioquímica e nmCRPC,EMBARK,Recidiva bioquímica de alto risco (PSADT ≤9 m) pós-tratamento local,Enzalutamida+leuprorrelina vs leuprorrelina vs enzalutamida monoterapia,SLM,—,SG 8 anos 78.9% vs 69.5%; HR 0.60 (0.44–0.80). Monoterapia 73.1%; HR 0.83 (0.63–1.10) – NS,SLM 5 anos 87.3% vs 71.4%; HR 0.42 (0.30–0.61). Monoterapia 80.0%; HR 0.63 (0.46–0.87),SLM: 58%; SG: 40% (combinação),SLM 5 anos +15.9 pp; SG 8 anos +9.4 pp,NEJM 2023 https://pubmed.ncbi.nlm.nih.gov/37851874/ (60.7 m); SG NEJM 2026 https://pubmed.ncbi.nlm.nih.gov/41124201/,https://pubmed.ncbi.nlm.nih.gov/37851874/; https://pubmed.ncbi.nlm.nih.gov/41124201/
PRÓSTATA,Recidiva bioquímica e nmCRPC,PROSPER,nmCRPC com PSADT ≤10 m,Enzalutamida + ADT vs placebo + ADT (2:1),SLM,—,67.0 vs 56.3 m; HR 0.73 (0.61–0.89),SLM 36.6 vs 14.7 m; HR 0.29 (0.24–0.35),SLM: 71%; SG: 27%,SLM +21.9 m; SG +10.7 m,NEJM 2018 https://pubmed.ncbi.nlm.nih.gov/29949494/; SG NEJM 2020 https://pubmed.ncbi.nlm.nih.gov/32469184/,https://pubmed.ncbi.nlm.nih.gov/29949494/; https://pubmed.ncbi.nlm.nih.gov/32469184/
PRÓSTATA,Recidiva bioquímica e nmCRPC,SPARTAN,nmCRPC com PSADT ≤10 m,Apalutamida + ADT vs placebo + ADT (2:1),SLM,—,73.9 vs 59.9 m; HR 0.78 (0.64–0.96),SLM 40.5 vs 16.2 m; HR 0.28 (0.23–0.35),SLM: 72%; SG: 22%,SLM +24.3 m; SG +14.0 m,NEJM 2018 https://pubmed.ncbi.nlm.nih.gov/29420164/; SG Eur Urol 2021 https://pubmed.ncbi.nlm.nih.gov/32907777/ (52 m),https://pubmed.ncbi.nlm.nih.gov/29420164/; https://pubmed.ncbi.nlm.nih.gov/32907777/
PRÓSTATA,Recidiva bioquímica e nmCRPC,ARAMIS,nmCRPC com PSADT ≤10 m,Darolutamida + ADT vs placebo + ADT (2:1),SLM,—,SG 3 anos 83% vs 77%; HR 0.69 (0.53–0.88),SLM 40.4 vs 18.4 m; HR 0.41 (0.34–0.50),SLM: 59%; SG: 31%,SLM +22.0 m; SG 3 anos +6 pp,NEJM 2019 https://pubmed.ncbi.nlm.nih.gov/30763142/; SG NEJM 2020 https://pubmed.ncbi.nlm.nih.gov/32905676/,https://pubmed.ncbi.nlm.nih.gov/30763142/; https://pubmed.ncbi.nlm.nih.gov/32905676/
PRÓSTATA,mHSPC,CHAARTED (E3805),mHSPC,ADT + docetaxel ×6 vs ADT,SG,Tempo até progressão 20.2 vs 11.7 m; HR 0.61 (0.51–0.72),"Primária: 57.6 vs 44.0 m; HR 0.61 (0.47–0.80). Longo prazo: 57.6 vs 47.2 m; HR 0.72 (0.59–0.89); alto volume 51.2 vs 34.4 m, HR 0.63 (0.50–0.79); baixo volume HR 1.04 (0.70–1.55) – sem ganho",PSA <0.2 em 12 m 27.7% vs 16.8%,SG: 28% (longo prazo); alto volume 37%,SG +10.4 m (longo prazo); alto volume +16.8 m,NEJM 2015 https://pubmed.ncbi.nlm.nih.gov/26244877/; JCO 2018 https://pubmed.ncbi.nlm.nih.gov/29384722/ (53.7 m),https://pubmed.ncbi.nlm.nih.gov/26244877/; https://pubmed.ncbi.nlm.nih.gov/29384722/
PRÓSTATA,mHSPC,STAMPEDE (docetaxel),Câncer de próstata alto risco iniciando ADT longa (61% M1),ADT + docetaxel vs ADT (± ácido zoledrônico),SG,—,81 vs 71 m; HR 0.78 (0.66–0.93). Zoledronato: HR 0.94 (0.79–1.11) – sem ganho,—,SG: 22%,SG +10 m,Lancet 2016 https://pubmed.ncbi.nlm.nih.gov/26719232/ (seguimento 43 m),https://pubmed.ncbi.nlm.nih.gov/26719232/
PRÓSTATA,mHSPC,GETUG-AFU 15,mHSPC,ADT + docetaxel vs ADT,SG,—,58.9 vs 54.2 m; HR 1.01 (0.75–1.36),—,NEGATIVO (sem ganho),SG +4.7 m (NS),Lancet Oncol 2013 https://pubmed.ncbi.nlm.nih.gov/23306100/ (seguimento 50 m),https://pubmed.ncbi.nlm.nih.gov/23306100/
PRÓSTATA,mHSPC,LATITUDE,mHSPC de novo alto risco,ADT + abiraterona/prednisona vs ADT + placebo,SG e SLPr,SLPr 33.0 vs 14.8 m; HR 0.47 (0.39–0.55),Interina: NA vs 34.7 m; HR 0.62 (0.51–0.76). Final: 53.3 vs 36.5 m; HR 0.66 (0.56–0.78),—,SG: 34% (final); SLPr: 53%,SG +16.8 m; SLPr +18.2 m,NEJM 2017 https://pubmed.ncbi.nlm.nih.gov/28578607/; final Lancet Oncol 2019 https://pubmed.ncbi.nlm.nih.gov/30987939/ (51.8 m),https://pubmed.ncbi.nlm.nih.gov/28578607/; https://pubmed.ncbi.nlm.nih.gov/30987939/
PRÓSTATA,mHSPC,STAMPEDE (abiraterona),Câncer de próstata localmente avançado ou metastático iniciando ADT (52% M1),ADT + abiraterona/prednisolona vs ADT,SG,Sobrevida livre de falha HR 0.29 (0.25–0.34),HR 0.63 (0.52–0.76); M1 HR 0.61; M0 HR 0.75 (medianas UNKNOWN no abstract),—,SG: 37%,UNKNOWN (medianas não informadas),NEJM 2017 https://pubmed.ncbi.nlm.nih.gov/28578639/ (seguimento 40 m),https://pubmed.ncbi.nlm.nih.gov/28578639/
PRÓSTATA,mHSPC,ARCHES,mHSPC,ADT + enzalutamida vs ADT + placebo,SLPr,NA vs 19.0 m; HR 0.39 (0.30–0.50),Final: medianas NA; HR 0.66 (0.53–0.81). 5 anos (post hoc): SG 66% vs 53%; HR 0.70 (0.58–0.85),—,SLPr: 61%; SG: 34%,SG 5 anos +13 pp,JCO 2019 https://pubmed.ncbi.nlm.nih.gov/31329516/; SG JCO 2022 https://pubmed.ncbi.nlm.nih.gov/35420921/; 5 anos Eur Urol 2026 https://pubmed.ncbi.nlm.nih.gov/41633900/,https://pubmed.ncbi.nlm.nih.gov/31329516/; https://pubmed.ncbi.nlm.nih.gov/35420921/; https://pubmed.ncbi.nlm.nih.gov/41633900/
PRÓSTATA,mHSPC,ENZAMET,mHSPC (± docetaxel concomitante),Supressão de testosterona + enzalutamida vs + antiandrogênio não esteroidal,SG,SLP por PSA HR 0.39; SLP clínica HR 0.40,Interina: SG 3 anos 80% vs 72%; HR 0.67 (0.52–0.86). Final: SG 5 anos 67% vs 57%; HR 0.70 (0.58–0.84),—,SG: 30% (final),SG 5 anos +10 pp,NEJM 2019 https://pubmed.ncbi.nlm.nih.gov/31157964/; final Lancet Oncol 2023 https://pubmed.ncbi.nlm.nih.gov/36990608/ (68 m),https://pubmed.ncbi.nlm.nih.gov/31157964/; https://pubmed.ncbi.nlm.nih.gov/36990608/
PRÓSTATA,mHSPC,TITAN,mHSPC,ADT + apalutamida vs ADT + placebo,SLPr e SG,UNKNOWN (publicação primária não consultada),Final: NA vs 52.2 m; HR 0.65 (0.53–0.79); ajustado por crossover HR 0.52 (0.42–0.64),—,SG: 35%,UNKNOWN (mediana exp NA),JCO 2021 https://pubmed.ncbi.nlm.nih.gov/33914595/ (seguimento 44.0 m),https://pubmed.ncbi.nlm.nih.gov/33914595/
PRÓSTATA,mHSPC,ARASENS,mHSPC (86% de novo),Darolutamida + ADT + docetaxel vs placebo + ADT + docetaxel,SG,UNKNOWN no abstract,HR 0.68 (0.57–0.80) (medianas UNKNOWN no abstract),—,SG: 32%,UNKNOWN,NEJM 2022 https://pubmed.ncbi.nlm.nih.gov/35179323/,https://pubmed.ncbi.nlm.nih.gov/35179323/
PRÓSTATA,mHSPC,ARANOTE,mHSPC,Darolutamida + ADT vs placebo + ADT (2:1),SLPr,HR 0.54 (0.41–0.71) (medianas UNKNOWN no abstract),HR 0.81 (0.59–1.12) – imatura,Tempo até mCRPC HR 0.40 (0.32–0.51),SLPr: 46%,UNKNOWN,JCO 2024 https://pubmed.ncbi.nlm.nih.gov/39279580/,https://pubmed.ncbi.nlm.nih.gov/39279580/
PRÓSTATA,mHSPC,PEACE-1,mHSPC de novo (fatorial 2×2),ADT (± docetaxel) ± abiraterona ± RT na próstata,SLPr e SG,"Abiraterona (população geral): HR 0.54 (IC 99.9% 0.41–0.71); ADT+docetaxel: HR 0.50 (0.34–0.71). RT (baixo volume, com abiraterona): 7.5 vs 4.4 anos; HR 0.65 (IC 99.9% 0.36–1.19), p=0.019",Abiraterona: HR 0.82 (IC 95.1% 0.69–0.98); ADT+docetaxel: HR 0.75 (0.59–0.95). RT baixo volume: 7.5 vs 6.9 anos; HR 0.98 (0.74–1.28) – sem ganho,RT reduziu eventos geniturinários graves,SG: 25% (abiraterona sobre ADT+docetaxel); RT sem ganho em SG,RT: SLPr +3.1 anos (baixo volume + abiraterona),Lancet 2022 https://pubmed.ncbi.nlm.nih.gov/35405085/ (4.4 anos); RT Lancet 2024 https://pubmed.ncbi.nlm.nih.gov/39580202/ (6.0 anos),https://pubmed.ncbi.nlm.nih.gov/35405085/; https://pubmed.ncbi.nlm.nih.gov/39580202/
PRÓSTATA,mHSPC,STAMPEDE (RT no primário M1),Próstata metastático recém-diagnosticado,Padrão + RT na próstata vs padrão,SG,Sobrevida livre de falha HR 0.76 (0.68–0.84),HR 0.92 (0.80–1.06) – NS na população geral (benefício em baixa carga não detalhado no abstract – UNKNOWN),—,SG: sem ganho (população não selecionada),UNKNOWN,Lancet 2018 https://pubmed.ncbi.nlm.nih.gov/30355464/,https://pubmed.ncbi.nlm.nih.gov/30355464/
PRÓSTATA,mHSPC,CAPItello-281,mHSPC com deficiência de PTEN,Capivasertibe + abiraterona vs placebo + abiraterona (+ ADT),SLPr,33.2 vs 25.7 m; HR 0.81 (0.66–0.98),HR 0.90 (0.71–1.15) – imatura (26.4%),—,SLPr: 19%,SLPr +7.5 m,Ann Oncol 2026 https://pubmed.ncbi.nlm.nih.gov/41120017/,https://pubmed.ncbi.nlm.nih.gov/41120017/
PRÓSTATA,mHSPC,PSMAddition,mHSPC PSMA+ (virgem/sensível a moduladores androgênicos),177Lu-PSMA-617 + ADT + ARPI vs ADT + ARPI,SLPr,Medianas NA; HR 0.72 (0.58–0.90),UNKNOWN (imatura),EAs grau ≥3 51% vs 43%,SLPr: 28%,UNKNOWN (medianas NA),Lancet 2026 https://pubmed.ncbi.nlm.nih.gov/42561994/ (seguimento SLPr 19.6 m),https://pubmed.ncbi.nlm.nih.gov/42561994/
PRÓSTATA,mHSPC,LIBERTAS,mHSPC com PSA <0.2 após 6 meses de apalutamida + ADT,Apalutamida + ADT intermitente vs apalutamida + ADT contínua,SLPr (NI) e carga de fogachos,UNKNOWN (fase randomizada sem resultados publicados),UNKNOWN,Fase inicial (abstract ASCO GU 2025): queda de PSA ≥90% em 307 (87.7%) dos primeiros participantes,UNKNOWN,UNKNOWN,JCO 2025;43(5_suppl):147 https://ascopubs.org/doi/10.1200/JCO.2025.43.5_suppl.147; NCT05884398,https://ascopubs.org/doi/10.1200/JCO.2025.43.5_suppl.147; https://clinicaltrials.gov/study/NCT05884398
PRÓSTATA,mCRPC,TAX327,mCRPC,Docetaxel 3/3 sem + prednisona vs docetaxel semanal vs mitoxantrona + prednisona,SG,—,18.9 (3/3 sem) vs 17.4 (semanal) vs 16.5 m; HR 0.76 (0.62–0.94) 3/3 sem; HR 0.91 (0.75–1.11) semanal – NS,Queda de PSA ≥50%: 45% vs 48% vs 32%,SG: 24% (3/3 sem),SG +2.4 m,NEJM 2004 https://pubmed.ncbi.nlm.nih.gov/15470213/,https://pubmed.ncbi.nlm.nih.gov/15470213/
PRÓSTATA,mCRPC,COU-AA-302,"mCRPC sem QT prévia, assintomático/oligossintomático",Abiraterona + prednisona vs prednisona,SLPr e SG,16.5 vs 8.3 m; HR 0.53 (0.45–0.62),Final: 34.7 vs 30.3 m; HR 0.81 (0.70–0.93),—,SG: 19%; SLPr: 47%,SG +4.4 m; SLPr +8.2 m,NEJM 2013 https://pubmed.ncbi.nlm.nih.gov/23228172/; final Lancet Oncol 2015 https://pubmed.ncbi.nlm.nih.gov/25601341/ (49.2 m),https://pubmed.ncbi.nlm.nih.gov/23228172/; https://pubmed.ncbi.nlm.nih.gov/25601341/
PRÓSTATA,mCRPC,PREVAIL,mCRPC sem QT prévia,Enzalutamida vs placebo,SLPr e SG,SLPr 12 m 65% vs 14%; HR 0.19 (0.15–0.23),HR 0.71 (0.60–0.84) (medianas UNKNOWN no abstract),Queda de PSA ≥50% 78% vs 3%,SG: 29%; SLPr: 81%,SLPr 12 m +51 pp,NEJM 2014 https://pubmed.ncbi.nlm.nih.gov/24881730/,https://pubmed.ncbi.nlm.nih.gov/24881730/
PRÓSTATA,mCRPC,COU-AA-301,mCRPC pós-docetaxel,Abiraterona + prednisona vs placebo + prednisona (2:1),SG,SLPr 5.6 vs 3.6 m; HR 0.66 (0.58–0.76) (final),Primária: 14.8 vs 10.9 m; HR 0.65 (0.54–0.77). Final: 15.8 vs 11.2 m; HR 0.74 (0.64–0.86),Resposta PSA 29.5% vs 5.5%,SG: 26% (final),SG +4.6 m (final),NEJM 2011 https://pubmed.ncbi.nlm.nih.gov/21612468/; final Lancet Oncol 2012 https://pubmed.ncbi.nlm.nih.gov/22995653/,https://pubmed.ncbi.nlm.nih.gov/21612468/; https://pubmed.ncbi.nlm.nih.gov/22995653/
PRÓSTATA,mCRPC,AFFIRM,mCRPC pós-QT,Enzalutamida vs placebo (2:1),SG,SLPr 8.3 vs 2.9 m; HR 0.40,18.4 vs 13.6 m; HR 0.63 (0.53–0.75),Queda de PSA ≥50% 54% vs 2%,SG: 37%,SG +4.8 m,NEJM 2012 https://pubmed.ncbi.nlm.nih.gov/22894553/,https://pubmed.ncbi.nlm.nih.gov/22894553/
PRÓSTATA,mCRPC,TROPIC,mCRPC pós-docetaxel,Cabazitaxel + prednisona vs mitoxantrona + prednisona,SG,2.8 vs 1.4 m; HR 0.74 (0.64–0.86),15.1 vs 12.7 m; HR 0.70 (0.59–0.83),—,SG: 30%,SG +2.4 m,Lancet 2010 https://pubmed.ncbi.nlm.nih.gov/20888992/,https://pubmed.ncbi.nlm.nih.gov/20888992/
PRÓSTATA,mCRPC,CARD,mCRPC pós-docetaxel e pós-ARPI (progressão ≤12 m),Cabazitaxel vs abiraterona ou enzalutamida (troca de ARPI),SLPr,8.0 vs 3.7 m; HR 0.54 (0.40–0.73),13.6 vs 11.0 m; HR 0.64 (0.46–0.89),Resposta PSA 35.7% vs 13.5%,SG: 36%; SLPr: 46%,SG +2.6 m; SLPr +4.3 m,NEJM 2019 https://pubmed.ncbi.nlm.nih.gov/31566937/ (seguimento 9.2 m),https://pubmed.ncbi.nlm.nih.gov/31566937/
PRÓSTATA,mCRPC,VISION,mCRPC PSMA+ pós-ARPI e taxano,177Lu-PSMA-617 + padrão vs padrão,SLPr e SG,8.7 vs 3.4 m; HR 0.40 (IC 99.2% 0.29–0.57),15.3 vs 11.3 m; HR 0.62 (0.52–0.74),—,SG: 38%; SLPr: 60%,SG +4.0 m; SLPr +5.3 m,NEJM 2021 https://pubmed.ncbi.nlm.nih.gov/34161051/ (seguimento 20.9 m),https://pubmed.ncbi.nlm.nih.gov/34161051/
PRÓSTATA,mCRPC,PSMAfore,"mCRPC PSMA+ virgem de taxano, progressão em 1 ARPI",177Lu-PSMA-617 vs troca de ARPI,SLPr,Primária: 9.30 vs 5.55 m; HR 0.41 (0.29–0.56). Atualizada: 11.60 vs 5.59 m; HR 0.49 (0.39–0.61),Final: 24.48 vs 23.13 m; HR 0.91 (0.72–1.14) – NS (crossover 60.3%); ajustado por crossover HR 0.59 (0.38–0.91),—,SLPr: 51% (atualizada); SG sem ganho significativo,SLPr +6.01 m; SG +1.35 m (NS),Lancet 2024 https://pubmed.ncbi.nlm.nih.gov/39293462/; SG final Ann Oncol 2025 https://pubmed.ncbi.nlm.nih.gov/40680993/,https://pubmed.ncbi.nlm.nih.gov/39293462/; https://pubmed.ncbi.nlm.nih.gov/40680993/
PRÓSTATA,mCRPC,TheraP (fase 2),mCRPC pós-docetaxel PSMA+ sem discordância FDG,177Lu-PSMA-617 vs cabazitaxel,Resposta PSA ≥50%,UNKNOWN no abstract,SG (RMST) 19.1 vs 19.6 m; diferença −0.5 m (−3.7 a 2.7) – sem diferença,Resposta PSA 66% vs 37% (diferença 29 pp),NA (sem HR para SG),PSA +29 pp; SG −0.5 m (NS),Lancet 2021 https://pubmed.ncbi.nlm.nih.gov/33581798/; SG Lancet Oncol 2024 https://pubmed.ncbi.nlm.nih.gov/38043558/ (35.7 m),https://pubmed.ncbi.nlm.nih.gov/33581798/; https://pubmed.ncbi.nlm.nih.gov/38043558/
PRÓSTATA,mCRPC,ENZA-p (fase 2),"mCRPC sem docetaxel/ARPI prévio para CRPC, com fatores de risco",Enzalutamida + 177Lu-PSMA-617 vs enzalutamida,SLP por PSA,SLP-PSA 13.0 vs 7.8 m; HR 0.43 (0.29–0.63),UNKNOWN (interina),—,SLP-PSA: 57%,SLP-PSA +5.2 m,Lancet Oncol 2024 https://pubmed.ncbi.nlm.nih.gov/38621400/ (seguimento 20 m),https://pubmed.ncbi.nlm.nih.gov/38621400/
PRÓSTATA,mCRPC,PROfound (coorte A),mCRPC pós-ARPI com alteração BRCA1/2 ou ATM,Olaparibe vs troca de ARPI (2:1),SLPr (coorte A),7.4 vs 3.6 m; HR 0.34 (0.25–0.47),19.1 vs 14.7 m; HR 0.69 (0.50–0.97); ajustado por crossover HR 0.42 (0.19–0.91),—,SG: 31%; SLPr: 66%,SG +4.4 m; SLPr +3.8 m,NEJM 2020 https://pubmed.ncbi.nlm.nih.gov/32343890/; SG NEJM 2020 https://pubmed.ncbi.nlm.nih.gov/32955174/,https://pubmed.ncbi.nlm.nih.gov/32343890/; https://pubmed.ncbi.nlm.nih.gov/32955174/
PRÓSTATA,mCRPC,TALAPRO-2,mCRPC 1ª linha (coorte não selecionada; coorte HRRd separada),Talazoparibe + enzalutamida vs placebo + enzalutamida,SLPr,"Não selecionada: NA vs 21.9 m, HR 0.63 (0.51–0.78); atualizada 33.1 vs 19.5 m, HR 0.67 (0.55–0.81). HRRd: 30.7 vs 12.3 m; HR 0.47 (0.36–0.61)",Não selecionada: 45.8 vs 37.0 m; HR 0.80 (0.66–0.96). HRRd: 45.1 vs 31.1 m; HR 0.62 (0.48–0.81); BRCA SG 4 anos 53% vs 23%,—,SG: 20% (todos); 38% (HRRd),SG +8.8 m (todos); +14.0 m (HRRd),Lancet 2023 https://pubmed.ncbi.nlm.nih.gov/37285865/; SG final Lancet 2025 https://pubmed.ncbi.nlm.nih.gov/40683290/ (52.5 m) e HRRd https://pubmed.ncbi.nlm.nih.gov/40683287/ (44.2 m),https://pubmed.ncbi.nlm.nih.gov/37285865/; https://pubmed.ncbi.nlm.nih.gov/40683290/; https://pubmed.ncbi.nlm.nih.gov/40683287/
PRÓSTATA,mCRPC,PROpel,"mCRPC 1ª linha, independente de HRR",Olaparibe + abiraterona vs placebo + abiraterona,SLPr (investigador),24.8 vs 16.6 m; HR 0.66 (0.54–0.81),Final: 42.1 vs 34.7 m; HR 0.81 (0.67–1.00); p=0.054 – NS,—,SLPr: 34%; SG: NEGATIVO (NS),SLPr +8.2 m; SG +7.4 m (NS),NEJM Evid 2022 https://pubmed.ncbi.nlm.nih.gov/38319800/; SG final Lancet Oncol 2023 https://pubmed.ncbi.nlm.nih.gov/37714168/ (36.6 m),https://pubmed.ncbi.nlm.nih.gov/38319800/; https://pubmed.ncbi.nlm.nih.gov/37714168/
PRÓSTATA,mCRPC,MAGNITUDE,mCRPC 1ª linha com alteração HRR (coorte HRR−: futilidade),Niraparibe + abiraterona vs placebo + abiraterona,SLPr,BRCA1/2: 16.6 vs 10.9 m; HR 0.53 (0.36–0.79). HRR+: 16.5 vs 13.7 m; HR 0.73 (0.56–0.96),Final: HRR+ HR 0.931 (0.720–1.203) – NS; BRCA1/2 HR 0.788 (0.554–1.120) – NS,—,SLPr: 47% (BRCA); SG: sem ganho,SLPr +5.7 m (BRCA); +2.8 m (HRR+),JCO 2023 https://pubmed.ncbi.nlm.nih.gov/36952634/; SG final Eur Urol Oncol 2025 https://pubmed.ncbi.nlm.nih.gov/40328571/ (37.3 m),https://pubmed.ncbi.nlm.nih.gov/36952634/; https://pubmed.ncbi.nlm.nih.gov/40328571/
