Grupo,Cenário,Trial,População/cenário,Braços (exp vs controle),Desfecho primário,SLP (mediana exp vs ctrl; HR; IC95%),SG (mediana ou landmark; HR),SLR/SLD/TRO/outros,Redução do risco ((1−HR)×100%; desfecho),Ganho absoluto,"Fonte (URL, ano, seguimento)"
OVÁRIO,1ª linha – tratamento/manutenção,GOG-0218,"CEO estádio III incompletamente ressecado ou IV, pós-citorredução",CP+placebo vs CP+bev C2–6 (bev-iniciação) vs CP+bev C2–22 (bev-contínuo),SLP,Bev-contínuo vs controle: 14.1 vs 10.3 m; HR 0.717 (0.625–0.824). Bev-iniciação: 11.2 m; HR 0.908 (0.795–1.040),"Final (JCO 2019): HR 0.96 (0.85–1.09) bev-contínuo; HR 1.06 (0.94–1.20) bev-iniciação; medianas ITT UNKNOWN. Estádio IV (exploratório): 42.8 vs 32.6 m, HR 0.75 (0.59–0.95)",—,SLP: 28.3% (bev-contínuo); SG: 4% (NS),SLP +3.8 m; SG ITT UNKNOWN,NEJM 2011 https://pubmed.ncbi.nlm.nih.gov/22204724/; SG final JCO 2019 https://pubmed.ncbi.nlm.nih.gov/31216226/ (seguimento mediano 102.9 m)
OVÁRIO,1ª linha – tratamento/manutenção,ICON7,Alto risco inicial (I–IIA G3/células claras) ou IIB–IV,CP vs CP+bev 7.5 mg/kg + manutenção (até 12 ciclos adicionais),SLP,Média restrita (36 m): 21.8 vs 20.3 m; HR 0.81 (0.70–0.94). Mediana UNKNOWN (não no abstract). Atualização (42 m): 24.1 vs 22.4 m (média restrita); alto risco: 18.1 vs 14.5 m,Final (Lancet Oncol 2015): média restrita 45.5 vs 44.6 m (log-rank p=0.85); HR UNKNOWN (riscos não proporcionais). Alto risco: média restrita 39.3 vs 34.5 m (p=0.03); NEJM 2011: mediana SG alto risco 36.6 vs 28.8 m,—,SLP: 19%,"SLP +1.5 m (média restrita 36 m); SG +0.9 m (média restrita, NS); alto risco SG +4.8 m (média restrita)",NEJM 2011 https://pubmed.ncbi.nlm.nih.gov/22204725/; SG Lancet Oncol 2015 https://pubmed.ncbi.nlm.nih.gov/26115797/ (seguimento 48.9 m)
OVÁRIO,1ª linha – tratamento/manutenção,SOLO-1,"BRCAm, recém-diagnosticado III–IV seroso/endometrioide alto grau, RC/RP pós-platina","Olaparibe vs placebo (2:1), até 2 anos",SLP,Primária (41 m): HR 0.30 (0.23–0.41); SLP 3 anos 60% vs 27%; mediana UNKNOWN no abstract primário. 5 anos (post-hoc): 56.0 vs 13.8 m; HR 0.33 (0.25–0.43),"7 anos (JCO 2023): HR 0.55 (0.40–0.76), p=0.0004 (não significativo pelo critério pré-especificado p<0.0001); SG 7 anos 67.0% vs 46.5%",—,SLP: 70% (primária); SG: 45%,"SLP +42.2 m (mediana, 5 anos); SLP 3 anos +33 pp; SG 7 anos +20.5 pp",NEJM 2018 https://pubmed.ncbi.nlm.nih.gov/30345884/; 5 anos Lancet Oncol 2021 https://pubmed.ncbi.nlm.nih.gov/34715071/; SG 7 anos JCO 2023 https://pubmed.ncbi.nlm.nih.gov/36082969/ (seguimento 88.9/87.4 m)
OVÁRIO,1ª linha – tratamento/manutenção,PAOLA-1,Recém-diagnosticado avançado alto grau em resposta a platina-taxano+bev (independente de BRCA/cirurgia),Olaparibe+bev vs placebo+bev (2:1),SLP,ITT 22.1 vs 16.6 m; HR 0.59 (0.49–0.72). HRD+: 37.2 vs 17.7 m; HR 0.33 (0.25–0.45). HRD+ não-BRCA: 28.1 vs 16.6 m; HR 0.43 (0.28–0.66). Atualização 5 anos HRD+: SLP 46.1% vs 19.2%; HR 0.41 (0.32–0.54),Final (Ann Oncol 2023): ITT 56.5 vs 51.6 m; HR 0.92 (0.76–1.12). HRD+: HR 0.62 (0.45–0.85); SG 5 anos 65.5% vs 48.4%,—,SLP ITT: 41%; SLP HRD+: 67%; SG ITT: 8% (NS); SG HRD+: 38%,SLP ITT +5.5 m; SLP HRD+ +19.5 m; SG ITT +4.9 m (NS); SG 5 anos HRD+ +17.1 pp,NEJM 2019 https://pubmed.ncbi.nlm.nih.gov/31851799/ (seguimento 22.9 m); SG final Ann Oncol 2023 https://pubmed.ncbi.nlm.nih.gov/37211045/ (seguimento 61.7/61.9 m)
OVÁRIO,1ª linha – tratamento/manutenção,PRIMA,"Recém-diagnosticado avançado, alto risco, resposta à platina",Niraparibe vs placebo (2:1),"SLP (HRd → população geral, hierárquico)",HRd: 21.9 vs 10.4 m; HR 0.43 (0.31–0.59). Geral: 13.8 vs 8.2 m; HR 0.62 (0.50–0.76). SLP 5 anos (ad hoc): geral 22% vs 12%; HRd 35% vs 16%,Final (Ann Oncol 2024): geral HR 1.01 (0.84–1.23); HRd HR 0.95 (0.70–1.29); HRp HR 0.93 (0.69–1.26); medianas UNKNOWN,—,SLP geral: 38%; SLP HRd: 57%; SG: nenhuma (HR 1.01),SLP geral +5.6 m; SLP HRd +11.5 m; SG UNKNOWN (medianas não no abstract),NEJM 2019 https://pubmed.ncbi.nlm.nih.gov/31562799/; SG final Ann Oncol 2024 https://pubmed.ncbi.nlm.nih.gov/39284381/ (seguimento 73.9 m)
OVÁRIO,1ª linha – tratamento/manutenção,ATHENA-MONO,"III–IV alto grau, citorredução (R0 permitido), resposta à platina 1ª linha",Rucaparibe vs placebo (4:1),SLP (HRD → ITT),"Primária (JCO 2022): HRD 28.7 vs 11.3 m, HR 0.47 (0.31–0.72); ITT 20.2 vs 9.2 m, HR 0.52 (0.40–0.68); HRD-neg 12.1 vs 9.1 m, HR 0.65 (0.45–0.95). Atualização (~59 m): HRD 31.4 vs 12.0 m, HR 0.52 (0.35–0.76); ITT 20.2 vs 9.2 m, HR 0.53 (0.42–0.69)",Interina (maturidade 35%): ITT não alcançada vs 46.2 m; HR 0.83 (0.58–1.17),—,"SLP ITT: 48% (primária); SG: 17% (NS, imatura)",SLP ITT +11.0 m; SLP HRD +17.4 m (primária); SG UNKNOWN (mediana exp não alcançada),JCO 2022 https://pubmed.ncbi.nlm.nih.gov/35658487/; Ann Oncol 2026 https://pubmed.ncbi.nlm.nih.gov/41115469/ (seguimento ~59 m)
OVÁRIO,1ª linha – tratamento/manutenção,PRIME (China),"Recém-diagnosticado avançado (R0 permitido), resposta à platina; dose inicial individualizada",Niraparibe (200/300 mg) vs placebo (2:1),SLP por BICR (ITT),"ITT 24.8 vs 8.3 m; HR 0.45 (0.34–0.60). gBRCAm: NA vs 10.8 m, HR 0.40 (0.23–0.68). Sem gBRCAm: 19.3 vs 8.3 m, HR 0.48 (0.34–0.67). HRd: NA vs 11.0 m, HR 0.48 (0.34–0.68). HRp: 16.6 vs 5.5 m, HR 0.41 (0.22–0.75)",UNKNOWN,—,SLP: 55%,SLP +16.5 m,JAMA Oncol 2023 https://pubmed.ncbi.nlm.nih.gov/37440217/ (seguimento SLP 27.5 m)
OVÁRIO,1ª linha – tratamento/manutenção,VELIA,III–IV seroso alto grau não tratado,CP+placebo→placebo vs CP+veliparibe→placebo vs CP+veliparibe→veliparibe,SLP (veliparibe contínuo vs controle; BRCAm → HRD → ITT),"BRCAm 34.7 vs 22.0 m, HR 0.44 (0.28–0.68); HRD 31.9 vs 20.5 m, HR 0.57 (0.43–0.76); ITT 23.5 vs 17.3 m, HR 0.68 (0.56–0.83)",UNKNOWN,—,SLP ITT: 32%; SLP BRCAm: 56%,SLP ITT +6.2 m; BRCAm +12.7 m,NEJM 2019 https://pubmed.ncbi.nlm.nih.gov/31562800/ (seguimento UNKNOWN no abstract)
OVÁRIO,1ª linha – tratamento/manutenção,DUO-O,Recém-diagnosticado avançado sem BRCAm tumoral,CP+bev→bev (controle) vs +durvalumabe vs +durvalumabe→durva+bev+olaparibe (1:1:1),SLP (durva+olaparibe vs controle; HRD+ e ITT não-tBRCAm),"Durva+ola vs controle: HRD+ 37.3 vs 23.0 m, HR 0.49 (0.34–0.69); ITT 24.2 vs 19.3 m, HR 0.63 (0.52–0.76). Durva vs controle (ITT): 20.6 vs 19.3 m, HR 0.87 (0.73–1.04)",Interina (39% maturidade): durva+ola vs controle ITT HR 0.95 (0.76–1.20); medianas UNKNOWN,—,SLP ITT: 37%; SLP HRD+: 51%; SG: 5% (NS),SLP ITT +4.9 m; SLP HRD+ +14.3 m; SG UNKNOWN,Ann Oncol 2026 https://pubmed.ncbi.nlm.nih.gov/41380962/ (DCO PFS final/SG interina 18/09/2023; seguimento UNKNOWN no abstract)
OVÁRIO,1ª linha – tratamento/manutenção,FIRST (ENGOT-OV44),Recém-diagnosticado III–IV epitelial,Braço 3: QT+dostarlimabe→dostarlimabe+niraparibe vs braço 2: QT+placebo→niraparibe (2:1),SLP,20.6 vs 19.2 m; HR 0.85 (0.73–0.99),44.4 vs 45.4 m; HR 1.01 (0.86–1.19); maturidade 57%,—,SLP: 15%; SG: nenhuma,SLP +1.4 m; SG −1.0 m,Ann Oncol 2025 https://pubmed.ncbi.nlm.nih.gov/40461381/ (seguimento 53.1 m)
OVÁRIO,1ª linha – tratamento/manutenção,IMagyn050,III–IV com doença residual macroscópica pós-cirurgia primária ou candidata a NACT,Atezolizumabe vs placebo + CP + bev,SLP e SG (coprimários; ITT e PD-L1+),"ITT 19.5 vs 18.4 m, HR 0.92 (0.79–1.07); PD-L1+ 20.8 vs 18.5 m, HR 0.80 (0.65–0.99)","(Gynecol Oncol 2023): ITT 50.5 vs 46.6 m, HR 0.92 (0.78–1.09); PD-L1+ não estimável vs 49.2 m, HR 0.83 (0.66–1.06)",—,SLP ITT: 8% (NS); SG ITT: 8% (NS),SLP ITT +1.1 m (NS); SG ITT +3.9 m (NS),JCO 2021 https://pubmed.ncbi.nlm.nih.gov/33891472/; SG Gynecol Oncol 2023 https://pubmed.ncbi.nlm.nih.gov/37625235/ (seguimento 38 m)
OVÁRIO,1ª linha – tratamento/manutenção,JAVELIN Ovarian 100,III–IV não tratado (pós-cirurgia ou candidata a NACT),QT→avelumabe manut. vs QT+avelumabe→avelumabe vs QT→observação,SLP por BICR,"Avelumabe manut.: 16.8 m vs controle não estimável, HR 1.43 (1.05–1.95). Combinação: 18.1 m vs NE, HR 1.14 (0.83–1.56). Interrompido por futilidade",UNKNOWN,—,Nenhuma (HR >1: aumento de risco de 43% e 14%),UNKNOWN,Lancet Oncol 2021 https://pubmed.ncbi.nlm.nih.gov/34363762/ (seguimento SLP 10.8 m)
OVÁRIO,1ª linha – tratamento/manutenção,ICON8,Recém-diagnosticado IC–IV,CP 3-semanal (G1) vs carbo 3-sem + paclitaxel semanal (G2) vs ambos semanais (G3),SLP e SG (coprimários),Medianas: 17.7 (G1) vs 20.8 (G2) vs 21.0 m (G3); log-rank p=0.35 e 0.51; HR UNKNOWN. Média restrita: 24.4/24.9/25.3 m,(Lancet Oncol 2022): 47.4 (G1) vs 54.8 (G2) vs 53.4 m (G3); G2 vs G1 HR 0.87 (IC 97.5% 0.73–1.05); G3 vs G1 HR 0.91 (IC 97.5% 0.76–1.09),—,SG: 13% G2 / 9% G3 (NS),"SG +7.4 m (G2) / +6.0 m (G3), NS; SLP +3.1/+3.3 m (NS)",Lancet 2019 https://pubmed.ncbi.nlm.nih.gov/31791688/; SG Lancet Oncol 2022 https://pubmed.ncbi.nlm.nih.gov/35690073/ (seguimento 69 m)
OVÁRIO,1ª linha – tratamento/manutenção,NRG-GY019,"Carcinoma seroso de BAIXO grau, estádio II–IV, pós-citorredução primária",Letrozol isolado (L) vs paclitaxel+carboplatina→letrozol (PC/L),SLP (não inferioridade de L),"HR L vs PC/L 1.30 (0.90–1.89), cruzou limite de futilidade/NI; vivas e sem progressão no DCO: 77.9% (PC/L) vs 71.9% (L); medianas não alcançadas. Subgrupo sem doença residual: HR 1.15 (0.68–1.94)","UNKNOWN (imatura; a fonte cita SG 95% e 92% 'respectivamente', mas a ordem dos braços é inconsistente entre fontes)",—,"N/A (NI não demonstrada; L com 30% mais risco de progressão vs PC/L, IC inclui 1)","SLP +6.0 pp a favor de PC/L (proporção livre de progressão no DCO, não landmark fixo)",Comunicado oficial NRG Oncology / plenária SGO 2026 https://www.nrgoncology.org/Home/News/Post/practice-defining-nrg-oncology-trial-finds-chemotherapy-followed-by-letrozole-is-the-standard-for-advanced-low-grade-serous-gynecologic-carcinoma/ (seguimento 27.3 m; artigo completo não publicado/não acessado)
OVÁRIO,1ª linha – cirurgia/HIPEC/neoadjuvância,OVHIPEC-1,"Estádio III, ao menos doença estável após 3 ciclos de NACT",Citorredução de intervalo ± HIPEC (cisplatina 100 mg/m²),SLR (NEJM) / SLP (análise final),Final: SLP 14.3 vs 10.7 m; HR 0.63 (0.48–0.83). Primária (NEJM): SLR 14.2 vs 10.7 m; HR 0.66 (0.50–0.87),Final: 44.9 vs 33.3 m; HR 0.70 (0.53–0.92). Primária (4.7 anos): 45.7 vs 33.9 m; HR 0.67 (0.48–0.94),SLR 14.2 vs 10.7 m (primária),SG: 30% (final); SLP: 37% (final),SG +11.6 m; SLP +3.6 m (final),NEJM 2018 https://pubmed.ncbi.nlm.nih.gov/29342393/; final Lancet Oncol 2023 https://pubmed.ncbi.nlm.nih.gov/37708912/ (seguimento 10.1/10.4 anos)
OVÁRIO,1ª linha – cirurgia/HIPEC/neoadjuvância,LION,IIB–IV com ressecção macroscópica completa e linfonodos clinicamente normais,Linfadenectomia sistemática vs sem linfadenectomia,SG,25.5 vs 25.5 m; HR 1.11 (0.92–1.34),65.5 (linfadenectomia) vs 69.2 m (sem); HR 1.06 (0.83–1.34),—,Nenhuma (HR 1.06),SG −3.7 m (NS); mais complicações e mortalidade 60 dias 3.1% vs 0.9%,NEJM 2019 https://pubmed.ncbi.nlm.nih.gov/30811909/ (seguimento UNKNOWN no abstract)
OVÁRIO,1ª linha – cirurgia/HIPEC/neoadjuvância,EORTC 55971,IIIC–IV,QT neoadjuvante + cirurgia de intervalo vs cirurgia primária,SG (não inferioridade),HR progressão 1.01 (IC 90% 0.89–1.15); medianas UNKNOWN,HR 0.98 (IC 90% 0.84–1.13); p=0.01 para NI; medianas UNKNOWN,—,SG: 2% (não inferior),UNKNOWN,NEJM 2010 https://pubmed.ncbi.nlm.nih.gov/20818904/ (seguimento UNKNOWN no abstract)
OVÁRIO,1ª linha – cirurgia/HIPEC/neoadjuvância,CHORUS,Suspeita de III–IV,QT primária (3 ciclos)→cirurgia→3 ciclos vs cirurgia primária→6 ciclos,SG (não inferioridade),UNKNOWN,24.1 (QT primária) vs 22.6 m; HR 0.87 (IC95% 0.72–1.05; limite superior IC 90% unilateral 0.98),—,SG: 13% (não inferior),SG +1.5 m,Lancet 2015 https://pubmed.ncbi.nlm.nih.gov/26002111/ (DCO 31/05/2014; seguimento UNKNOWN no abstract)
OVÁRIO,Recidiva platino-sensível,SOLO-2,"Recidiva platino-sensível BRCAm, ≥2 linhas de platina, em resposta",Olaparibe vs placebo (2:1),SLP,19.1 vs 5.5 m; HR 0.30 (0.22–0.41),Final (Lancet Oncol 2021): 51.7 vs 38.8 m; HR 0.74 (0.54–1.00); p=0.054 (38% do placebo recebeu iPARP depois),—,"SLP: 70%; SG: 26% (limítrofe, NS)",SLP +13.6 m; SG +12.9 m,Lancet Oncol 2017 https://pubmed.ncbi.nlm.nih.gov/28754483/; SG final Lancet Oncol 2021 https://pubmed.ncbi.nlm.nih.gov/33743851/ (seguimento 65.7/64.5 m)
OVÁRIO,Recidiva platino-sensível,NOVA,"Recidiva platino-sensível, ≥2 linhas de platina, em resposta; coortes gBRCAm e não-gBRCAm",Niraparibe vs placebo (2:1),SLP,"gBRCAm 21.0 vs 5.5 m, HR 0.27 (0.17–0.41); não-gBRCAm HRD+ 12.9 vs 3.8 m, HR 0.38 (0.24–0.59); não-gBRCAm geral 9.3 vs 3.9 m, HR 0.45 (0.34–0.61)","Final (Gynecol Oncol 2025): gBRCAm 40.9 vs 38.1 m, HR 0.85 (0.61–1.20); não-gBRCAm 31.0 vs 34.8 m, HR 1.06 (0.81–1.37)",—,"SLP gBRCAm: 73%; não-gBRCAm: 55%; SG: 15% (gBRCAm, NS) / nenhuma (não-gBRCAm)",SLP gBRCAm +15.5 m; não-gBRCAm +5.4 m; SG gBRCAm +2.8 m; não-gBRCAm −3.8 m,NEJM 2016 https://pubmed.ncbi.nlm.nih.gov/27717299/; SG Gynecol Oncol 2025 https://pubmed.ncbi.nlm.nih.gov/40139026/ (DCO estendido 31/03/2021; seguimento UNKNOWN)
OVÁRIO,Recidiva platino-sensível,ARIEL3,"Recidiva platino-sensível alto grau, ≥2 linhas de platina, em resposta",Rucaparibe vs placebo (2:1),SLP (BRCAm → HRD → ITT),"BRCAm 16.6 vs 5.4 m, HR 0.23 (0.16–0.34); HRD 13.6 vs 5.4 m, HR 0.32 (0.24–0.42); ITT 10.8 vs 5.4 m, HR 0.36 (0.30–0.45)","Final (EJC 2025): BRCAm 45.9 vs 47.8 m, HR 0.83 (0.58–1.19); HRD e ITT 'sem benefício' (valores UNKNOWN)",—,SLP ITT: 64%; BRCAm: 77%; SG BRCAm: 17% (NS),SLP ITT +5.4 m; BRCAm +11.2 m; SG BRCAm −1.9 m,Lancet 2017 https://pubmed.ncbi.nlm.nih.gov/28916367/; final EJC 2025 https://pubmed.ncbi.nlm.nih.gov/40580808/ (seguimento 77.0 m)
OVÁRIO,Recidiva platino-sensível,OCEANS,"Recidiva platino-sensível (≥6 m), doença mensurável",Gencitabina+carbo + bev vs + placebo (bev até progressão),SLP,12.4 vs 8.4 m; HR 0.484 (0.388–0.605); TRO 78.5% vs 57.4%,Final (Gynecol Oncol 2015): 33.6 vs 32.9 m; HR 0.95 (IC UNKNOWN); p=0.65,—,SLP: 51.6%; SG: 5% (NS),SLP +4.0 m; SG +0.7 m,JCO 2012 https://pubmed.ncbi.nlm.nih.gov/22529265/; SG final Gynecol Oncol 2015 https://pubmed.ncbi.nlm.nih.gov/26271155/ (seguimento 58.2/56.4 m)
OVÁRIO,Recidiva platino-sensível,DESKTOP III,"1ª recidiva, intervalo livre de platina ≥6 m, escore AGO positivo",Citorredução secundária + QT platina vs QT isolada,SG,UNKNOWN,53.7 vs 46.0 m; HR 0.75 (0.59–0.96). Ressecção completa: 61.9 m,—,SG: 25%,SG +7.7 m,NEJM 2021 https://pubmed.ncbi.nlm.nih.gov/34874631/ (seguimento UNKNOWN no abstract)
OVÁRIO,Recidiva platino-sensível,SOC-1,"Recidiva platino-sensível (ILP ≥6 m), ressecável por iMODEL/PET-CT (China)",Citorredução secundária + QT vs QT isolada,SLP e SG (coprimários),17.4 vs 11.9 m; HR 0.58 (0.45–0.74) (análise final de SLP),Interina: 58.1 vs 53.9 m; HR 0.82 (0.57–1.19); SG final UNKNOWN (não localizada),—,"SLP: 42%; SG: 18% (NS, interina)",SLP +5.5 m; SG +4.2 m (interina),Lancet Oncol 2021 https://pubmed.ncbi.nlm.nih.gov/33705695/ (seguimento 36.0 m)
OVÁRIO,Recidiva platino-sensível,SOLO-3,"gBRCAm platino-sensível, ≥2 linhas de platina prévias",Olaparibe vs QT sem platina (escolha do médico) (2:1),TRO por BICR,BICR 13.4 vs 9.2 m; HR 0.62 (0.43–0.91),Final (JCO 2025): 34.9 vs 32.9 m; HR 1.07 (0.76–1.49); ≥3 linhas prévias HR 1.33 (0.84–2.18),TRO 72.2% vs 51.4% (OR 2.53),SLP: 38%; SG: nenhuma (HR 1.07),TRO +20.8 pp; SLP +4.2 m; SG +2.0 m (NS),JCO 2020 https://pubmed.ncbi.nlm.nih.gov/32073956/; SG final JCO 2025 https://pubmed.ncbi.nlm.nih.gov/39668137/ (seguimento UNKNOWN)
OVÁRIO,Recidiva platino-sensível,ARIEL4,"BRCAm recidivado, ≥2 linhas de QT prévias",Rucaparibe vs QT (paclitaxel semanal ou platina conforme sensibilidade) (2:1),SLP (população de eficácia sem reversão → ITT),"Eficácia: 7.4 vs 5.7 m, HR 0.64 (0.49–0.84); ITT 7.4 vs 5.7 m, HR 0.67 (0.52–0.86)",Final (Lancet Oncol 2025): 19.4 vs 25.4 m; HR 1.3 (1.0–1.7); p=0.047 (desfavorável ao rucaparibe; 69% crossover),—,SLP: 36%; SG: AUMENTO de risco de 30%,SLP +1.7 m; SG −6.0 m,Lancet Oncol 2022 https://pubmed.ncbi.nlm.nih.gov/35298906/; final Lancet Oncol 2025 https://pubmed.ncbi.nlm.nih.gov/39914419/ (seguimento 41.2 m)
OVÁRIO,Recidiva platino-resistente,AURELIA,"Platino-resistente (<6 m), ≤2 regimes prévios, sem refratárias","QT monoagente (PLD, paclitaxel semanal ou topotecano) ± bev",SLP,6.7 vs 3.4 m; HR 0.48 (0.38–0.60),16.6 vs 13.3 m; HR 0.85 (0.66–1.08),TRO 27.3% vs 11.8%,SLP: 52%; SG: 15% (NS),SLP +3.3 m; SG +3.3 m (NS),JCO 2014 https://pubmed.ncbi.nlm.nih.gov/24637997/ (seguimento UNKNOWN no abstract)
OVÁRIO,Recidiva platino-resistente,MIRASOL,"Seroso alto grau platino-resistente, 1–3 linhas prévias, FRα alto (≥75% células ≥2+)",Mirvetuximabe soravtansina vs QT do investigador,SLP (investigador),Primária: 5.62 vs 3.98 m (P<0.001; HR UNKNOWN no abstract NEJM). Final: 5.59 vs 3.98 m; HR 0.63 (0.513–0.785),Primária: 16.46 vs 12.75 m; HR 0.67 (0.50–0.89). Final: 16.85 vs 13.34 m; HR 0.68 (0.534–0.840),TRO 42.3% vs 15.9% (OR 3.81); final 41.9% vs 15.9%,SG: 32% (final); SLP: 37% (final),SG +3.51 m (final); SLP +1.64 m (primária),NEJM 2023 https://pubmed.ncbi.nlm.nih.gov/38055253/; SG final: abstract BGCS 2025 (BJOG; encore SGO 2025) https://exa.ai/library/publication/243n9txkj4s (seguimento 30.5 m)
OVÁRIO,Recidiva platino-resistente,ROSELLA,"Platino-resistente, 1–3 linhas prévias, bev prévio obrigatório",Relacorilante + nab-paclitaxel vs nab-paclitaxel,SLP (BICR) e SG (duplo primário),6.54 vs 5.52 m; HR 0.70 (0.54–0.91),Final (Lancet 2026): 16.0 vs 11.9 m; HR 0.65 (0.51–0.83); SG 18 m 46% vs 27%. Interina: 15.97 vs 11.50 m; HR 0.69 (0.52–0.92),—,SG: 35% (final); SLP: 30%,SG +4.1 m; SG 18 m +19 pp; SLP +1.02 m,Lancet 2025 https://pubmed.ncbi.nlm.nih.gov/40473448/; SG Lancet 2026 https://pubmed.ncbi.nlm.nih.gov/41974149/ (seguimento 24.8 m)
ÚTERO/ENDOMÉTRIO,Doença avançada/recorrente – 1ª linha,RUBY parte 1,Primário avançado III–IV ou 1ª recorrência,Dostarlimabe vs placebo + carboplatina-paclitaxel → manutenção até 3 anos,SLP (investigador) e SG (duplo primário),dMMR: SLP 24 m 61.4% vs 15.7%; HR 0.28 (0.16–0.50). Geral: SLP 24 m 36.1% vs 18.1%; HR 0.64 (0.51–0.80). Medianas UNKNOWN no abstract,"IA2 (Ann Oncol 2024; 51% maturidade): geral HR 0.69 (0.54–0.89); dMMR HR 0.32 (0.17–0.63); pMMR HR 0.79 (0.60–1.04); medianas UNKNOWN. IA1: SG 24 m 71.3% vs 56.0% (HR 0.64; 0.46–0.87). dMMR 4 anos (Gynecol Oncol 2026): medianas não alcançadas, 'redução de 66% no risco de morte'",—,SG geral: 31% (IA2); SLP geral: 36%; SLP dMMR: 72%; SG dMMR: 68%,"SLP 24 m: geral +18.0 pp, dMMR +45.7 pp; SG 24 m +15.3 pp (IA1)",NEJM 2023 https://pubmed.ncbi.nlm.nih.gov/36972026/; SG Ann Oncol 2024 https://pubmed.ncbi.nlm.nih.gov/38866180/; dMMR 4 anos Gynecol Oncol 2026 https://pubmed.ncbi.nlm.nih.gov/42215378/ (seguimento 55.6 m)
ÚTERO/ENDOMÉTRIO,Doença avançada/recorrente – 1ª linha,RUBY parte 2,Primário avançado III–IV ou 1ª recorrência,Dostarlimabe+QT → dostarlimabe+niraparibe vs placebo+QT → placebo (2:1),SLP (geral e pMMR),Geral HR 0.60 (0.43–0.82); pMMR HR 0.63 (0.44–0.91); medianas UNKNOWN,HR 1.2 (0.81–1.78) aos 36.2 m (sem benefício),—,SLP geral: 40%; pMMR: 37%; SG: nenhuma,UNKNOWN,Int J Gynecol Cancer 2026 https://pubmed.ncbi.nlm.nih.gov/42391799/ (seguimento ~22 m SLP; 36.2 m SG)
ÚTERO/ENDOMÉTRIO,Doença avançada/recorrente – 1ª linha,NRG-GY018,Estádio III/IVA mensurável ou IVB/recorrente,Pembrolizumabe vs placebo + carboplatina-paclitaxel → manutenção,SLP (coortes dMMR e pMMR),dMMR: SLP 12 m 74% vs 38%; HR 0.30 (0.19–0.48). pMMR: 13.1 vs 8.7 m; HR 0.54 (0.41–0.71). BICR (Nat Med 2025): pMMR HR 0.64 (0.49–0.85); dMMR HR 0.45 (0.27–0.73),Imatura (Nat Med 2025): pMMR HR 0.79 (0.53–1.17); dMMR HR 0.55 (0.25–1.19); medianas UNKNOWN,—,SLP dMMR: 70%; SLP pMMR: 46%; SG: NS,SLP pMMR +4.4 m; SLP 12 m dMMR +36 pp,NEJM 2023 https://pubmed.ncbi.nlm.nih.gov/36972022/; SG Nat Med 2025 https://pubmed.ncbi.nlm.nih.gov/40044930/ (seguimento UNKNOWN)
ÚTERO/ENDOMÉTRIO,Doença avançada/recorrente – 1ª linha,AtTEnd,"Avançado/recorrente (incl. carcinossarcoma), sem QT sistêmica prévia para recorrência",Atezolizumabe vs placebo + CP → manutenção até progressão (2:1),"SLP (dMMR, geral) e SG (geral) – hierárquicos",dMMR: não estimável vs 6.9 m; HR 0.36 (0.23–0.57). Geral: 10.1 vs 8.9 m; HR 0.74 (0.61–0.91),Interina: 38.7 vs 30.2 m; HR 0.82 (0.63–1.07); não cruzou limite,—,SLP geral: 26%; dMMR: 64%; SG: 18% (NS interina),"SLP geral +1.2 m; SG +8.5 m (interina, NS)",Lancet Oncol 2024 https://pubmed.ncbi.nlm.nih.gov/39102832/ (seguimento 28.3 m)
ÚTERO/ENDOMÉTRIO,Doença avançada/recorrente – 1ª linha,DUO-E,Recém-diagnosticado avançado ou recorrente,CP+placebo→placebo vs CP+durvalumabe→durva vs CP+durva→durva+olaparibe (1:1:1),SLP,ITT: durva HR 0.71 (0.57–0.89); durva+ola HR 0.55 (0.43–0.69); medianas UNKNOWN. dMMR HR 0.42 / 0.41; pMMR HR 0.77 / 0.57,Interina (~28%): durva HR 0.77 (0.56–1.07); durva+ola HR 0.59 (0.42–0.83),—,"SLP: 29% (durva) / 45% (durva+ola); SG: 41% (durva+ola, interina)",UNKNOWN,JCO 2024 https://pubmed.ncbi.nlm.nih.gov/37864337/ (seguimento UNKNOWN)
ÚTERO/ENDOMÉTRIO,Doença avançada/recorrente – 1ª linha,LEAP-001,1ª linha avançado (sem QT prévia ou progressão ≥6 m após platina adjuvante),Lenvatinibe+pembrolizumabe vs carboplatina-paclitaxel,SLP e SG (pMMR e todas),"pMMR 9.6 vs 10.2 m, HR 0.99 (0.82–1.21); todas 12.5 vs 10.2 m, HR 0.91 (0.76–1.09)","pMMR 30.9 vs 29.4 m, HR 1.02 (0.83–1.26) (NI não atingida); todas 37.7 vs 32.1 m, HR 0.93 (0.77–1.12)",—,Nenhuma significativa,SLP pMMR −0.6 m; SG pMMR +1.5 m (NS),JCO 2025 https://pubmed.ncbi.nlm.nih.gov/39591551/ (DCO 02/10/2023)
ÚTERO/ENDOMÉTRIO,Doença avançada/recorrente – 1ª linha,GOG-209,"Estádio III, IV ou recorrente, sem QT prévia",Carboplatina-paclitaxel (TC) vs doxorrubicina-cisplatina-paclitaxel (TAP) – NI,SG (não inferioridade),13 vs 14 m; HR 1.032 (IC 90% 0.93–1.15),37 vs 41 m; HR 1.002 (IC 90% 0.9–1.12); NI demonstrada,—,N/A (NI; HR ~1),SG −4 m (TC vs TAP; NI atingida); SLP −1 m,JCO 2020 https://pubmed.ncbi.nlm.nih.gov/33078978/
ÚTERO/ENDOMÉTRIO,Doença avançada/recorrente – 2ª linha e agnósticos,KEYNOTE-775 / Study 309,Avançado após ≥1 platina,Lenvatinibe+pembrolizumabe vs QT do médico (doxorrubicina ou paclitaxel semanal),SLP (BICR) e SG (pMMR e todas),"pMMR 6.6 vs 3.8 m, HR 0.60 (0.50–0.72); todas 7.2 vs 3.8 m, HR 0.56 (0.47–0.66). Final: pMMR HR 0.60 (0.50–0.72); todas HR 0.56 (0.48–0.66)","Primária: pMMR 17.4 vs 12.0 m, HR 0.68 (0.56–0.84); todas 18.3 vs 11.4 m, HR 0.62 (0.51–0.75). Final (JCO 2023): pMMR HR 0.70 (0.58–0.83); todas HR 0.65 (0.55–0.77); medianas finais UNKNOWN",TRO final: todas 33.8% vs 14.7%; pMMR 32.4% vs 15.1%,SG todas: 35% (final); SG pMMR: 30% (final),SG todas +6.9 m; pMMR +5.4 m (medianas primárias); SLP +3.4 m (todas),NEJM 2022 https://pubmed.ncbi.nlm.nih.gov/35045221/; final JCO 2023 https://pubmed.ncbi.nlm.nih.gov/37058687/
ÚTERO/ENDOMÉTRIO,Doença avançada/recorrente – 2ª linha e agnósticos,KEYNOTE-158 (coorte MSI-H/dMMR),Fase 2 braço único; endométrio MSI-H/dMMR avançado pré-tratado,Pembrolizumabe 200 mg q3s,TRO (revisão central),Mediana 13.1 m (4.3–34.4); atualização 13.1 m (4.3–25.7),Não alcançada (JCO 2022); atualização: 65.4 m (29.5–NA),"TRO 48% (37–60), n=79; atualização TRO 50% (40–61), n=94, RC 16%",N/A (braço único),N/A,JCO 2022 https://pubmed.ncbi.nlm.nih.gov/34990208/ (42.6 m); Gynecol Oncol 2025 https://pubmed.ncbi.nlm.nih.gov/39847999/ (seguimento 54.5 m)
ÚTERO/ENDOMÉTRIO,Doença avançada/recorrente – 2ª linha e agnósticos,GARNET (coorte A1 dMMR),Fase 1 braço único; endométrio dMMR/MSI-H recorrente/avançado após platina,Dostarlimabe,TRO e duração de resposta (BICR),UNKNOWN,UNKNOWN,"TRO 42.3% (30.6–54.6), n=71 (JAMA Oncol 2020); TRO 43.5% (34.0–53.4), coorte A1 n=129 (JITC 2022). MMRp (A2): 14.1%",N/A (braço único),N/A,JAMA Oncol 2020 https://pubmed.ncbi.nlm.nih.gov/33001143/ (11.2 m); J Immunother Cancer 2022 https://pubmed.ncbi.nlm.nih.gov/35064011/ (seguimento 16.3 m)
ÚTERO/ENDOMÉTRIO,Doença avançada/recorrente – 2ª linha e agnósticos,DESTINY-PanTumor02 (coorte endométrio),Fase 2; HER2 IHC 3+/2+ pré-tratado,Trastuzumabe deruxtecana 5.4 mg/kg,TRO (investigador),UNKNOWN,UNKNOWN,TRO investigador 57.5% (23/40; 40.9–73.0); por revisão central 57.5%,N/A (braço único),N/A,JCO 2024 https://pubmed.ncbi.nlm.nih.gov/37870536/; coortes ginecológicas J Gynecol Oncol 2026 https://pubmed.ncbi.nlm.nih.gov/42135959/ (seguimento endométrio 19.9 m)
ÚTERO/ENDOMÉTRIO,Adjuvância,KEYNOTE-B21,Alto risco recém-diagnosticado pós-cirurgia curativa (I/II não endometrioide ou p53abn; III/IVA),Pembrolizumabe vs placebo + CP adjuvante ± RT,SLD e SG,—,UNKNOWN (não reportada no abstract da análise interina),SLD HR 1.02 (0.79–1.32); SLD 2 anos 75% vs 76%; dMMR HR 0.31 (0.14–0.69); pMMR HR 1.20 (0.91–1.57),SLD ITT: nenhuma; SLD dMMR: 69% (subgrupo),SLD 2 anos −1 pp,"Ann Oncol 2024 https://pubmed.ncbi.nlm.nih.gov/39284383/ (interina, DCO 04/03/2024)"
ÚTERO/ENDOMÉTRIO,Adjuvância,PORTEC-3,Alto risco (I G3 com invasão profunda/LVSI; II–III; I–III seroso/células claras),QT-RT (cisplatina ×2 + CP ×4) vs RT pélvica,SG e SLF (coprimários),—,10 anos: 74.4% vs 67.3%; HR 0.73 (0.54–0.97). 5 anos (2019): 81.4% vs 76.1%; HR 0.70 (0.51–0.97). 5 anos (2018): 81.8% vs 76.7%; HR 0.76 (0.54–1.06),SLR 10 anos 72.8% vs 67.4%; HR 0.74 (0.56–0.98). SLF 5 anos (2018) 75.5% vs 68.6%; HR 0.71 (0.53–0.95),SG: 27% (10 anos); SLR: 26%,SG 10 anos +7.1 pp; SLR 10 anos +5.4 pp,Lancet Oncol 2018 https://pubmed.ncbi.nlm.nih.gov/29449189/; 2019 https://pubmed.ncbi.nlm.nih.gov/31345626/; 10 anos Lancet Oncol 2025 https://pubmed.ncbi.nlm.nih.gov/40921169/ (seguimento 10.1 anos)
ÚTERO/ENDOMÉTRIO,Adjuvância,"PORTEC-3 – subgrupo p53abn (molecular, post-hoc)",Alto risco com tumor p53 anormal (classificação molecular em 411/660),QT-RT vs RT,Post-hoc (SG e SLR por classe molecular),—,10 anos: 52.7% vs 36.6%; HR ajustado 0.52 (0.30–0.91),SLR 10 anos 52.6% vs 37.0%; HR 0.42 (0.24–0.74). MMRd e POLEmut sem benefício aparente; NSMP modulado por RE,SG: 48%; SLR: 58%,SG 10 anos +16.1 pp; SLR +15.6 pp,Lancet Oncol 2025 https://pubmed.ncbi.nlm.nih.gov/40921169/ (seguimento 10.1 anos; n do subgrupo p53abn UNKNOWN no abstract)
ÚTERO/ENDOMÉTRIO,Adjuvância,GOG-258,Estádio III ou IVA,QT-RT (cisplatina+RT → CP ×4) vs CP ×6,SLR,—,UNKNOWN,SLR 5 anos 59% vs 58%; HR 0.90 (IC 90% 0.74–1.10). Recorrência vaginal 2% vs 7% (HR 0.36); linfonodal 11% vs 20% (HR 0.43); à distância 27% vs 21% (HR 1.36),SLR: 10% (NS),SLR 5 anos +1 pp,NEJM 2019 https://pubmed.ncbi.nlm.nih.gov/31189035/ (seguimento 47 m)
ÚTERO/ENDOMÉTRIO,Adjuvância,PORTEC-2,Estádio I/IIA risco intermediário-alto,Braquiterapia vaginal (VBT) vs RT externa pélvica (EBRT),Recorrência vaginal (não inferioridade),—,5 anos: 84.8% vs 79.6%; HR 1.17 (0.69–1.98). 10 anos: 69.5% vs 67.6% (p=0.72),Recorrência vaginal 5 anos 1.8% vs 1.6% (HR 0.78; 0.17–3.49); 10 anos 3.4% vs 2.4%. SLD 5 anos 82.7% vs 78.1% (HR 1.09). Recorrência pélvica 10 anos 6.3% vs 0.9%,N/A (não inferioridade),SG 10 anos +1.9 pp (NS); recorrência vaginal 10 anos +1.0 pp com VBT,Lancet 2010 https://pubmed.ncbi.nlm.nih.gov/20206777/ (45 m); 10 anos Br J Cancer 2018 https://pubmed.ncbi.nlm.nih.gov/30356126/ (seguimento 116 m)
ÚTERO/ENDOMÉTRIO,Adjuvância,GOG-249,Estádio I–II risco intermediário-alto/alto (incl. seroso/células claras),Braquiterapia de cúpula + CP ×3 (VCB/C) vs RT pélvica,SLR,—,5 anos: 0.85 (VCB/C) vs 0.87 (RT); HR 1.04 (limite de confiança 90% 0.71–1.52),SLR 5 anos 0.76 vs 0.76; HR 0.92 (LC 90% 0.69–1.23). Recorrência linfonodal 9% (VCB/C) vs 4%,SLR: 8% (NS),SLR 0 pp; SG −2 pp,JCO 2019 https://pubmed.ncbi.nlm.nih.gov/30995174/ (seguimento 53 m)
COLO DO ÚTERO,Persistente/recorrente/metastático,KEYNOTE-826,1ª linha persistente/recorrente/metastático,Pembrolizumabe vs placebo + QT platina-paclitaxel ± bev,SLP e SG (duplo primário; CPS≥1 → ITT → CPS≥10),"CPS≥1: 10.4 vs 8.2 m, HR 0.62 (0.50–0.77); ITT 10.4 vs 8.2 m, HR 0.65 (0.53–0.79); CPS≥10: 10.4 vs 8.1 m, HR 0.58 (0.44–0.77)","Final (JCO 2023): CPS≥1 28.6 vs 16.5 m, HR 0.60 (0.49–0.74); ITT 26.4 vs 16.8 m, HR 0.63 (0.52–0.77); CPS≥10 29.6 vs 17.4 m, HR 0.58 (0.44–0.78)",—,SG CPS≥1: 40%; SG ITT: 37%; SLP CPS≥1: 38%,SG CPS≥1 +12.1 m; ITT +9.6 m; SLP +2.2 m,NEJM 2021 https://pubmed.ncbi.nlm.nih.gov/34534429/; SG final JCO 2023 https://pubmed.ncbi.nlm.nih.gov/37910822/ (seguimento 39.1 m)
COLO DO ÚTERO,Persistente/recorrente/metastático,BEATcc,1ª linha metastático (IVB)/persistente/recorrente,Cis/carbo+paclitaxel+bev ± atezolizumabe,SLP e SG (duplo primário),13.7 vs 10.4 m; HR 0.62 (0.49–0.78),Interina: 32.1 vs 22.8 m; HR 0.68 (0.52–0.88),—,SG: 32%; SLP: 38%,SG +9.3 m; SLP +3.3 m,Lancet 2024 https://pubmed.ncbi.nlm.nih.gov/38048793/ (seguimento UNKNOWN no abstract)
COLO DO ÚTERO,Persistente/recorrente/metastático,GOG-240,Metastático/persistente/recorrente,QT (cisplatina-paclitaxel ou topotecano-paclitaxel) ± bev (fatorial 2×2),SG,UNKNOWN,Final (Lancet 2017): 16.8 vs 13.3 m; HR 0.77 (0.62–0.95). Primária: 17.0 vs 13.3 m; HR 0.71 (IC 98% 0.54–0.95),TRO 48% vs 36%,SG: 23% (final),SG +3.5 m (final),NEJM 2014 https://pubmed.ncbi.nlm.nih.gov/24552320/; final Lancet 2017 https://pubmed.ncbi.nlm.nih.gov/28756902/ (348 óbitos)
COLO DO ÚTERO,Persistente/recorrente/metastático,EMPOWER-Cervical 1,Recorrente após platina 1ª linha (independente de PD-L1),Cemiplimabe vs QT monoagente do investigador,SG,HR 0.75 (0.63–0.89); medianas UNKNOWN,Primária: 12.0 vs 8.5 m; HR 0.69 (0.56–0.84). Final (EJC 2025): 11.7 vs 8.5 m; HR 0.67 (0.56–0.80),TRO 16.4% vs 6.3%,SG: 33% (final); SLP: 25%,SG +3.2 m (final),NEJM 2022 https://pubmed.ncbi.nlm.nih.gov/35139273/; final EJC 2025 https://pubmed.ncbi.nlm.nih.gov/39798514/ (seguimento 47.3 m)
COLO DO ÚTERO,Persistente/recorrente/metastático,innovaTV 301,Recorrente/metastático em 2ª ou 3ª linha,Tisotumabe vedotina vs QT do investigador,SG,4.2 vs 2.9 m; HR 0.67 (0.54–0.82),11.5 vs 9.5 m; HR 0.70 (0.54–0.89),TRO 17.8% vs 5.2%,SG: 30%; SLP: 33%,SG +2.0 m; SLP +1.3 m,NEJM 2024 https://pubmed.ncbi.nlm.nih.gov/38959480/ (seguimento UNKNOWN no abstract)
COLO DO ÚTERO,Localmente avançado,KEYNOTE-A18,Alto risco localmente avançado (FIGO 2014 IB2–IIB N+ ou III–IVA),Pembrolizumabe vs placebo + QT-RT → manutenção,SLP e SG,Medianas não alcançadas; SLP 24 m 68% vs 57%; HR 0.70 (0.55–0.89),IA2 (Lancet 2024): medianas não alcançadas; SG 36 m 82.6% vs 74.8%; HR 0.67 (0.50–0.90),—,SG: 33%; SLP: 30%,SG 36 m +7.8 pp; SLP 24 m +11 pp,Lancet 2024 https://pubmed.ncbi.nlm.nih.gov/38521086/ (17.9 m); SG Lancet 2024 https://pubmed.ncbi.nlm.nih.gov/39288779/ (seguimento 29.9 m)
COLO DO ÚTERO,Localmente avançado,INTERLACE,"Localmente avançado (FIGO 2008 IB1 N+, IB2, IIA, IIB, IIIB, IVA)",Indução carboplatina AUC2+paclitaxel 80 semanal ×6 → QT-RT vs QT-RT,SLP e SG,SLP 5 anos 72% vs 64%; HR 0.65 (0.46–0.91),SG 5 anos 80% vs 72%; HR 0.60 (0.40–0.91),—,SG: 40%; SLP: 35%,SG 5 anos +8 pp; SLP 5 anos +8 pp,Lancet 2024 https://pubmed.ncbi.nlm.nih.gov/39419054/ (seguimento 67 m)
COLO DO ÚTERO,Localmente avançado,CALLA,"Localmente avançado (FIGO 2009 IB2–IIB N+, ≥III)",Durvalumabe vs placebo + QT-RT,SLP,Medianas não alcançadas; HR 0.84 (0.65–1.08); SLP 12 m 76.0% vs 73.3%,UNKNOWN,—,SLP: 16% (NS),SLP 12 m +2.7 pp (NS),Lancet Oncol 2023 https://pubmed.ncbi.nlm.nih.gov/38039991/ (seguimento 18.5 m)
COLO DO ÚTERO,Localmente avançado,OUTBACK,"Localmente avançado (FIGO 2008 IB1 N+, IB2, II, IIIB, IVA)",QT-RT → CP adjuvante ×4 vs QT-RT,SG em 5 anos,UNKNOWN,SG 5 anos 72% vs 71%; HR 0.90 (0.70–1.17),—,SG: 10% (NS),SG 5 anos +1 pp (NS),Lancet Oncol 2023 https://pubmed.ncbi.nlm.nih.gov/37080223/ (seguimento 60 m)
COLO DO ÚTERO,Doença inicial / cirurgia / adjuvância,STARS,IB–IIA pós-histerectomia radical com fatores patológicos adversos (China),RT vs QT-RT concomitante (CCRT) vs QT-RT sequencial (SCRT; cisplatina+paclitaxel 2 ciclos antes e 2 após RT),SLD em 3 anos,—,SG global UNKNOWN; morte por câncer SCRT vs RT: 5 anos 92.0% vs 88.0%; HR 0.58 (0.35–0.95) (ajustado),"SLD 3 anos SCRT vs RT 90.0% vs 82.0%, HR 0.52 (0.35–0.76); SCRT vs CCRT 90.0% vs 85.0%, HR 0.65 (0.44–0.96)",SLD: 48% (SCRT vs RT); 35% (SCRT vs CCRT),SLD 3 anos +8 pp (vs RT); +5 pp (vs CCRT),JAMA Oncol 2021 https://pubmed.ncbi.nlm.nih.gov/33443541/ (seguimento UNKNOWN)
COLO DO ÚTERO,Doença inicial / cirurgia / adjuvância,SHAPE,"Baixo risco (≤2 cm, invasão estromal limitada)",Histerectomia simples vs radical (ambas com avaliação linfonodal),"Recorrência pélvica em 3 anos (NI, margem 4 pp)",—,UNKNOWN,Recorrência pélvica 3 anos: 2.52% (simples) vs 2.17% (radical); diferença 0.35 pp (IC 90% −1.62 a 2.32) – NI demonstrada,N/A (não inferioridade),Recorrência pélvica +0.35 pp com simples; menos incontinência urinária (4.7% vs 11.0% após 4 semanas),NEJM 2024 https://pubmed.ncbi.nlm.nih.gov/38416430/ (seguimento 4.5 anos)
COLO DO ÚTERO,Doença inicial / cirurgia / adjuvância,ConCerv,"Prospectivo braço único; IA2–IB1 baixo risco (<2 cm, sem LVSI, invasão <10 mm, margens de cone negativas)",Conização + linfonodos (fertilidade) ou histerectomia simples + linfonodos,Viabilidade,—,UNKNOWN,Recorrência cumulativa 2 anos 3.5% (0.9–9.0); linfonodos positivos 5%; doença residual pós-cone 2.5%; n=100,N/A (braço único),N/A,Int J Gynecol Cancer 2021 https://pubmed.ncbi.nlm.nih.gov/34493587/ (seguimento 36.3 m)
COLO DO ÚTERO,Doença inicial / cirurgia / adjuvância,LACC,"IA1 (LVSI), IA2, IB1",Histerectomia radical minimamente invasiva (MIS) vs aberta,SLD em 4.5 anos (NI),—,Final (JCO 2024): SG 4.5 anos 90.6% (MIS) vs 96.2%; HR 2.71 (1.32–5.59). Primária: SG 3 anos 93.8% vs 99.0%; HR 6.00 (1.77–20.30),Final: SLD 4.5 anos 85.0% vs 96%; HR 3.91 (2.02–7.58). Primária: SLD 4.5 anos 86.0% vs 96.5% (dif. −10.6 pp); HR 3.74 (1.63–8.58),AUMENTO de risco com MIS: SG +171%; SLD +291% (final),SG 4.5 anos −5.6 pp com MIS; SLD 4.5 anos −11.1 pp,NEJM 2018 https://pubmed.ncbi.nlm.nih.gov/30380365/; final JCO 2024 https://pubmed.ncbi.nlm.nih.gov/38810208/
