trial,site,meeting_journal,farmaco,controle,desfecho,HR,negativo,destaque,fonte,tipo_fonte
DESTINY-Breast05,Mama,NEJM 2026 (fev),"T-DXd pós-neoadjuvante (HER2+ doença residual, alto risco)",T-DM1,"SLDi 3a 92,4% × 83,7%","0,47",,sim,https://pubmed.ncbi.nlm.nih.gov/41370739/,artigo revisado por pares (PubMed)
DESTINY-Breast09,Mama,NEJM 2026 (fev),T-DXd + pertuzumabe 1L HER2+ metastático,THP (taxano+trastuzumabe+pertuzumabe),"SLP 40,7 × 26,9 m","0,56",,,https://pubmed.ncbi.nlm.nih.gov/41160818/,artigo revisado por pares (PubMed)
DESTINY-Breast11,Mama,Ann Oncol 2026,T-DXd→THP neoadjuvante (HER2+ alto risco),ddAC→THP,"pCR 67,3% × 56,3% (Δ 11,2 pp); menos EA G≥3 (37,5% × 55,8%)",—,,,https://pubmed.ncbi.nlm.nih.gov/41130363/,artigo revisado por pares (PubMed)
ASCENT-04/KEYNOTE-D19,Mama,NEJM 2026 (jan); PFS2 no ASCO 2026 (LBA1000),Sacituzumabe govitecana + pembrolizumabe 1L TNBC PD-L1+,QT + pembrolizumabe,"SLP 11,2 × 7,8 m; SLP2 NA × 21,0 m (HR 0,67)","0,65",,,https://pubmed.ncbi.nlm.nih.gov/41564397/ ; https://www.emjreviews.com/oncology/congress-review/asco-2026-highlights-in-breast-cancer-research-j33126/,artigo revisado por pares + apresentação em congresso
ASCENT-03 (PFS2),Mama,ASCO 2026 (abstr 1001),Sacituzumabe govitecana 1L TNBC não candidata a IO,QT,"SLP2 18,2 × 14,0 m (SLP primária 9,7 × 6,9 m; HR 0,62)","0,70 (SLP2)",,,https://www.emjreviews.com/oncology/congress-review/asco-2026-highlights-in-breast-cancer-research-j33126/,notícia/relato de congresso (abstract não revisado por pares)
TROPION-Breast02,Mama,Ann Oncol 2026; dados adicionais ASCO 2026,Datopotamabe deruxtecana 1L TNBC não candidata a IO,QT,"SLP 10,8 × 5,6 m; SG 23,7 × 18,7 m (HR 0,79)","0,57 (SLP)",,,https://pubmed.ncbi.nlm.nih.gov/41937088/,artigo revisado por pares (PubMed)
PANKU-Breast02,Mama,ASCO 2026 (LBA1003),Izalontamabe brengitecana (ADC biespecífico EGFR×HER3) TNBC 2–3L,QT escolha do médico,"SLP 8,5 × 3,1 m; SG 15,9 × 12,5 m (HR 0,60); G≥3 89% × 63%","0,29 (SLP)",,,https://www.emjreviews.com/oncology/congress-review/asco-2026-highlights-in-breast-cancer-research-j33126/,notícia/relato de congresso (abstract não revisado por pares)
"KEYNOTE-522 (final, 94 m)",Mama,ASCO 2026 (abstr 507),Pembrolizumabe + QT neo/adjuvante TNBC II–III,Placebo + QT,"SG 7a 85,1% × 77,2%; SLE 78,3% × 69,8% (HR 0,68)","0,64 (SG)",,,https://www.emjreviews.com/oncology/congress-review/asco-2026-highlights-in-breast-cancer-research-j33126/,notícia/relato de congresso (abstract não revisado por pares)
SERENA-6,Mama,Lancet Oncol 2026; ASCO 2026 (LBA1007),Troca para camizestranto ao surgir ESR1m no ctDNA (mantém iCDK4/6),Manter IA + iCDK4/6,"SLP 16,8 × 9,2 m; SLP2 25,7 × 19,1 m (HR 0,63)","0,45 (SLP)",,,https://pubmed.ncbi.nlm.nih.gov/42442380/ ; https://www.emjreviews.com/oncology/congress-review/asco-2026-highlights-in-breast-cancer-research-j33126/,artigo revisado por pares + apresentação em congresso
persevERA BC,Mama,ASCO 2026 (LBA1006),Giredestranto + palbociclibe 1L RE+/HER2−,Letrozol + palbociclibe,"SLP 33,1 × 28,2 m (p=0,156; NS)","0,89",sim,,https://www.docwirenews.com/post/asco-2026-phase-3-persevera-bc-trial-falls-short-despite-longer-pfs-with-giredestrant,notícia/relato de congresso (abstract não revisado por pares)
evERA BC,Mama,NEJM 2026 (out),Giredestranto + everolimo pós-iCDK4/6,HT padrão + everolimo,"ESR1m: SLP 10,0 × 5,5 m (HR 0,38); global 8,8 × 5,5 m","0,56 (global)",,,https://pubmed.ncbi.nlm.nih.gov/42814929/,artigo revisado por pares (PubMed)
lidERA BC (subgrupos por menopausa),Mama,ASCO 2026 (abstr 502),Giredestranto adjuvante RE+/HER2− estádio I–III,HT padrão,"SLDi 3a pré: 94,0% × 91,5% (HR 0,65); pós: 91,3% × 88,3% (HR 0,74)","0,65 / 0,74",,,https://www.emjreviews.com/oncology/congress-review/asco-2026-highlights-in-breast-cancer-research-j33126/,notícia/relato de congresso (abstract não revisado por pares)
"VIKTORIA-1 (PIK3CA-mut, estudo 2)",Mama,ASCO 2026 (LBA1008),Gedatolisibe + fulvestranto ± palbociclibe pós-iCDK4/6,Alpelisibe + fulvestranto,"SLP 11,1 (tripla) / 11,3 (dupla) × 5,6 m","0,50 / 0,51",,,https://www.emjreviews.com/oncology/congress-review/asco-2026-highlights-in-breast-cancer-research-j33126/,notícia/relato de congresso (abstract não revisado por pares)
VIKTORIA-1 (PIK3CA-WT),Mama,JCO 2026,Gedatolisibe + fulvestranto + palbociclibe pós-iCDK4/6,Fulvestranto,"SLP 9,3 × 2,0 m (dupla sem palbo: 7,4 m; HR 0,33)","0,24",,,https://pubmed.ncbi.nlm.nih.gov/41802242/,artigo revisado por pares (PubMed)
EMBER-3 (atualização),Mama,Ann Oncol 2026,Imlunestranto (ESR1m) / imlunestranto + abemaciclibe,HT padrão / imlunestranto,"ESR1m SG 34,5 × 23,1 m (HR 0,60; limite não atingido); imlu+abema × imlu SLP 10,9 × 5,5 m (HR 0,59)","0,60 (SG ESR1m)",,,https://pubmed.ncbi.nlm.nih.gov/41391667/,artigo revisado por pares (PubMed)
PATINA,Mama,NEJM 2026 (jan),Palbociclibe + anti-HER2 + HT manutenção (RH+/HER2+),Anti-HER2 + HT,"SLP 44,3 × 29,1 m","0,75",,,https://pubmed.ncbi.nlm.nih.gov/41604639/,artigo revisado por pares (PubMed)
HER2CLIMB-02 (SG final),Mama,ESMO Breast 2026; Ann Oncol 2026 (primária),Tucatinibe + T-DM1,Placebo + T-DM1,"SG 43,3 × 41,0 m (NS); SLP 9,5 × 7,4 m (HR 0,76 na primária)","0,98 (SG)",sim,,https://oncodaily.com/oncolibrary/breast-oncology/her2climb-02-trial-tucatinib-t-dm1-update ; https://pubmed.ncbi.nlm.nih.gov/41260264/,artigo revisado por pares + apresentação em congresso
HORIZON-Breast01 (China),Mama,Lancet Oncol 2026,Trastuzumabe rezetecana (HER2+ metastático),Pirotinibe + capecitabina,"SLP 30,6 × 8,3 m (interina)","0,22",,,https://pubmed.ncbi.nlm.nih.gov/42385760/,artigo revisado por pares (PubMed)
Trastuzumabe botidotina × T-DM1,Mama,JCO 2026,Trastuzumabe botidotina (HER2+ avançado),T-DM1,"SLP 11,1 × 4,4 m; ORR 76,9% × 53,0%; toxicidade ocular","0,39",,,https://pubmed.ncbi.nlm.nih.gov/42727044/,artigo revisado por pares (PubMed)
SONIA (SG),Mama,JAMA Oncol 2026,iCDK4/6 em 1L,iCDK4/6 em 2L,"SG 47,9 × 48,1 m (NS) — 1L não melhora SG","0,91",sim,,https://pubmed.ncbi.nlm.nih.gov/41712229/,artigo revisado por pares (PubMed)
OPTIMA,Mama,ASCO 2026 (abstr 500),QT guiada por Prosigna (RE+/HER2− alto risco clínico),QT para todas,"SLDi 5a 93,6% × 94,8% (não inferior); ~68% evitaram QT",—,,,https://www.emjreviews.com/oncology/congress-review/asco-2026-highlights-in-breast-cancer-research-j33126/,notícia/relato de congresso (abstract não revisado por pares)
SENOMAC,Mama,ASCO 2026 (LBA503),Omissão de EA axilar (1–2 macrometástases no LS),Esvaziamento axilar,SG e recidiva equivalentes; recidiva axilar <2% (números de HR não disponíveis na fonte),—,,,https://www.emjreviews.com/oncology/congress-review/asco-2026-highlights-in-breast-cancer-research-j33126/,notícia/relato de congresso (abstract não revisado por pares)
NSABP B-59/GeparDouze,Mama,Nat Med 2026,Atezolizumabe + QT neoadjuvante TNBC II–III,Placebo + QT,"SLE NS (p=0,083); SG HR 0,86","0,80 (SLE)",sim,,https://pubmed.ncbi.nlm.nih.gov/42680950/,artigo revisado por pares (PubMed)
PEARLY (KCSG BR15-1),Mama,Ann Oncol 2026,Taxano + carboplatina (neo)adjuvante TNBC,Antraciclina → taxano,"SLE 5a 82,3% × 75,1%","0,67",,,https://pubmed.ncbi.nlm.nih.gov/42218963/,artigo revisado por pares (PubMed)
CAPItello-290,Mama,Ann Oncol 2026,Capivasertibe + paclitaxel 1L TNBC,Placebo + paclitaxel,"SG 17,7 × 18,0 m (NS)","0,92 (SG)",sim,,https://pubmed.ncbi.nlm.nih.gov/41422862/,artigo revisado por pares (PubMed)
SOFT/TEXT (final 15a),Mama,Ann Oncol 2026,Exemestano + supressão ovariana,Tamoxifeno + supressão ovariana,"HER2−: recidiva à distância HR 0,75; SG HR 0,89 (NS)","0,75",,,https://pubmed.ncbi.nlm.nih.gov/42229584/,artigo revisado por pares (PubMed)
Fovinaciclibe 1L (China),Mama,JAMA Oncol 2026,Fovinaciclibe + HT 1L,Placebo + HT,"SLP NA × 20,2 m (interina)","0,55",,,https://pubmed.ncbi.nlm.nih.gov/42224659/,artigo revisado por pares (PubMed)
LIBRETTO-432,Pulmão,ASCO 2026 Plenária (LBA3); NEJM 2026,"Selpercatinibe adjuvante (RET+, estádio II–IIIA)",Placebo,SLE 2a 92% × 61%,"0,17",,sim,https://pubmed.ncbi.nlm.nih.gov/42223087/ ; https://www.targetedonc.com/view/2026-asco-plenary-delivers-practice-changing-progress,artigo revisado por pares + apresentação em congresso
ELEVATE,Pulmão,NEJM 2026 (jul),"Ensartinibe adjuvante (ALK+, IB–IIIB)",Placebo,"SLD 2a 86,4% × 53,5% (II–IIIB)","0,20",,,https://pubmed.ncbi.nlm.nih.gov/42418775/,artigo revisado por pares (PubMed)
ARTS (China),Pulmão,Lancet Oncol 2026,Aumolertinibe adjuvante (EGFR+),Placebo,"SLD mediana NA × 19,4 m","0,17",,,https://pubmed.ncbi.nlm.nih.gov/41539318/,artigo revisado por pares (PubMed)
HARMONi-6 (China),Pulmão,ASCO 2026 Plenária (LBA4); Lancet 2026,Ivonescimabe + QT 1L escamoso,Tislelizumabe + QT,"SG 27,9 × 23,7 m; SLP 11,1 × 6,9 m (HR 0,60)","0,66 (SG)",,sim,https://pubmed.ncbi.nlm.nih.gov/42218899/ ; https://www.targetedonc.com/view/2026-asco-plenary-delivers-practice-changing-progress,artigo revisado por pares + apresentação em congresso
OptiTROP-Lung05,Pulmão,Lancet 2026 (jun),Sacituzumabe tirumotecana + pembrolizumabe 1L PD-L1+,Pembrolizumabe,"SLP NA × 5,7 m (interina)","0,35",,,https://pubmed.ncbi.nlm.nih.gov/42214392/,artigo revisado por pares (PubMed)
WU-KONG28,Pulmão,NEJM 2026 (ago),Sunvozertinibe 1L EGFR ex20ins,Carboplatina-pemetrexede,"SLP 10,3 × 7,5 m; ORR 58,9% × 31,1%","0,65",,,https://pubmed.ncbi.nlm.nih.gov/42212913/,artigo revisado por pares (PubMed)
FLAURA2 (SG),Pulmão,NEJM 2026 (jan),Osimertinibe + platina-pemetrexede 1L EGFRm,Osimertinibe,"SG 47,5 × 37,6 m","0,77",,,https://pubmed.ncbi.nlm.nih.gov/41104938/,artigo revisado por pares (PubMed)
OptiTROP-Lung04,Pulmão,NEJM 2026 (jan),Sacituzumabe tirumotecana pós-TKI EGFR,Platina-pemetrexede,"SLP 8,3 × 4,3 m; SG HR 0,60","0,49 (SLP)",,,https://pubmed.ncbi.nlm.nih.gov/41124220/,artigo revisado por pares (PubMed)
HARMONi,Pulmão,Lancet Oncol 2026,Ivonescimabe + QT pós-TKI EGFR,Placebo + QT,"SLP 6,8 × 4,4 m; SG 16,8 × 14,0 m (HR 0,79; NS)","0,52 (SLP)",,,https://pubmed.ncbi.nlm.nih.gov/42636833/,artigo revisado por pares (PubMed)
SACHI (China),Pulmão,Lancet 2026,Savolitinibe + osimertinibe (EGFRm/MET amp),QT,"SLP 8,2 × 4,5 m","0,34",,,https://pubmed.ncbi.nlm.nih.gov/41544643/,artigo revisado por pares (PubMed)
AENEAS2,Pulmão,Lancet Oncol 2026,Aumolertinibe + QT 1L EGFRm,Aumolertinibe,"SLP 28,9 × 18,9 m","0,47",,,https://pubmed.ncbi.nlm.nih.gov/42296979/,artigo revisado por pares (PubMed)
TAISHAN-302 (China),Pulmão,NEJM 2026 (set),Tambotatug pelitecana (ADC anti-B7-H3) CPPC 2L,Topotecano,"SG 13,3 × 9,4 m; SLP 7,4 × 2,8 m; ORR 59,1% × 9,7%","0,46 (SG)",,,https://pubmed.ncbi.nlm.nih.gov/42734213/,artigo revisado por pares (PubMed)
KEYNOTE-671 (5a),Pulmão,Ann Oncol 2026,Pembrolizumabe perioperatório,Placebo,"SG 5a 64,6% × 53,6%; SLE 5a 49,9% × 26,5%","0,74 (SG)",,,https://pubmed.ncbi.nlm.nih.gov/42628840/,artigo revisado por pares (PubMed)
RATIONALE-315 (final),Pulmão,Ann Oncol 2026,Tislelizumabe perioperatório,Placebo,"SG 3a 79,3% × 69,3%","0,65 (SG)",,,https://pubmed.ncbi.nlm.nih.gov/41344593/,artigo revisado por pares (PubMed)
ALEX (SG final),Pulmão,Ann Oncol 2026,Alectinibe 1L ALK+,Crizotinibe,"SG 81,1 × 54,2 m (IC cruza 1)","0,78",,,https://pubmed.ncbi.nlm.nih.gov/41110693/,artigo revisado por pares (PubMed)
CAMPASS (China),Pulmão,Lancet Oncol 2026,Benmelstobart + anlotinibe 1L PD-L1+,Pembrolizumabe,"SLP 11,0 × 7,1 m","0,70",,,https://pubmed.ncbi.nlm.nih.gov/41825453/,artigo revisado por pares (PubMed)
PRESERVE-003 (estágio 1),Pulmão,Nat Med 2026,Gotistobart (anti-CTLA-4) escamoso pós-IO/QT,Docetaxel,"SG NA × 10,0 m (n=87; exploratório)","0,46",,,https://pubmed.ncbi.nlm.nih.gov/41896648/,artigo revisado por pares (PubMed)
LATIFY,Pulmão,ELCC 2026 (LBA1),Ceralasertibe + durvalumabe pós-IO/QT,Docetaxel,"SG 11,1 × 10,0 m (NS); SLP 4,1 × 4,1 m","0,90",sim,,https://www.oncologynurseadvisor.com/news/no-os-benefit-of-ceralasertib-durvalumab-compared-to-docetaxel-in-advanced-nsclc/,notícia/relato de congresso (abstract não revisado por pares)
SKYSCRAPER-03,Pulmão,Ann Oncol 2026,Tiragolumabe + atezolizumabe pós-QRT estádio III,Durvalumabe,"SLP PD-L1+ 19,4 × 16,6 m (NS)","0,96",sim,,https://pubmed.ncbi.nlm.nih.gov/42562209/,artigo revisado por pares (PubMed)
SKYSCRAPER-06,Pulmão,JAMA Oncol 2026,Tiragolumabe + atezolizumabe + QT 1L não escamoso,Pembrolizumabe + QT,"SG 18,9 × 23,1 m (pior)","1,33 (SG)",sim,,https://pubmed.ncbi.nlm.nih.gov/42060297/,artigo revisado por pares (PubMed)
SWOG/NRG S1914,Pulmão,Lancet 2026,Atezolizumabe + SBRT (estádio inicial alto risco),SBRT,SG 2a 82% × 82% (futilidade),"1,04",sim,,https://pubmed.ncbi.nlm.nih.gov/42702214/,artigo revisado por pares (PubMed)
RASolute 302,Gastrointestinal,ASCO 2026 Plenária (LBA5); NEJM 2026,Daraxonrasibe (inibidor RAS(ON)) — adenocarcinoma de pâncreas metastático 2L,QT escolha do investigador,"SG 13,2 × 6,6 m (RAS G12); SLP 7,3 × 3,5 m (HR 0,45); ORR 33,2% × 11,8%","0,40 (SG)",,sim,https://pubmed.ncbi.nlm.nih.gov/42223072/ ; https://www.targetedonc.com/view/2026-asco-plenary-delivers-practice-changing-progress,artigo revisado por pares + apresentação em congresso
HERIZON-GEA-01,Gastrointestinal,ASCO GI 2026 (LBA285); NEJM 2026,Zanidatamabe + tislelizumabe + QT 1L gastroesofágico HER2+,Trastuzumabe + QT,"SG 26,4 × 19,2 m; SLP 12,4 × 8,1 m (HR 0,63). Zani+QT sem tisle: SG HR 0,80 (NS)","0,72 (SG)",,sim,https://pubmed.ncbi.nlm.nih.gov/42202319/ ; https://www.medscape.com/viewarticle/asco-2026-gi-oncology-shifts-biomarker-driven-care-2026a1000ixa,artigo revisado por pares + apresentação em congresso
ATOMIC (Alliance A021502),Gastrointestinal,NEJM 2026 (mar),"Atezolizumabe + mFOLFOX6 adjuvante, cólon III dMMR",mFOLFOX6,"SLD 3a 86,3% × 76,2%","0,50",,sim,https://pubmed.ncbi.nlm.nih.gov/41880612/,artigo revisado por pares (PubMed)
BREAKWATER (coorte 3),Gastrointestinal,ASCO 2026 (LBA3503),Encorafenibe + cetuximabe + FOLFIRI 1L BRAF V600E,FOLFIRI ± bevacizumabe,"SLP 15,2 × 8,3 m; ORR 64,4% × 39,2%; SG HR 0,56","0,44 (SLP)",,,https://oncodaily.com/oncolibrary/gastrointestinal-oncology/asco-2026-gi ; https://www.medscape.com/viewarticle/asco-2026-gi-oncology-shifts-biomarker-driven-care-2026a1000ixa,notícia/relato de congresso (abstract não revisado por pares)
COMMIT,Gastrointestinal,JCO 2026,mFOLFOX6 + bevacizumabe + atezolizumabe 1L CCRm dMMR,Atezolizumabe isolado,"SLP HR 0,44; ORR 86,1% × 46%","0,44",,,https://pubmed.ncbi.nlm.nih.gov/42525921/,artigo revisado por pares (PubMed)
SWOG S2107 (fase 2),Gastrointestinal,ASCO 2026 (abstr 3504),"Encorafenibe + cetuximabe + nivolumabe (MSS BRAF V600E, pré-tratado)",Encorafenibe + cetuximabe,"SLP 5,8 × 6,3 m; SG 13,5 × 11,6 m (NS)","1,10",sim,,https://www.medscape.com/viewarticle/asco-2026-gi-oncology-shifts-biomarker-driven-care-2026a1000ixa,notícia/relato de congresso (abstract não revisado por pares)
KRYSTAL-10,Gastrointestinal,ESMO GI 2026 (LBA1),Adagrasibe + cetuximabe 2L KRAS G12C,QT ± anti-VEGF,"SLP 7,5 × 8,1 m (HR 0,89); SG 21,6 × 21,7 m; ORR 47% × 16%","0,83 (SG)",sim,,https://oncodaily.com/gastrointestinal-oncology/krystal-10,notícia/relato de congresso (abstract não revisado por pares)
STAR-221,Gastrointestinal,ESMO GI 2026 (493O),Domvanalimabe + zimberelimabe + QT 1L gástrico HER2−,Nivolumabe + QT,"SG 14,0 × 13,4 m; SLP 8,4 × 8,3 m","1,01",sim,,https://oncodaily.com/oncolibrary/immune-oncology/star-221,notícia/relato de congresso (abstract não revisado por pares)
EMERALD-3,Gastrointestinal,ASCO 2026; Lancet Oncol 2026,STRIDE + lenvatinibe + TACE (CHC elegível p/ embolização),TACE,"SLP 13,0 × 9,8 m; SG 39,5 × 34,7 m (HR 0,84; NS)","0,70 (SLP)",,,https://pubmed.ncbi.nlm.nih.gov/42636832/ ; https://oncodaily.com/oncolibrary/gastrointestinal-oncology/asco-2026-gi,artigo revisado por pares + apresentação em congresso
TORCH,Gastrointestinal,JAMA Oncol 2026,TACE + ablação térmica (CHC irressecável),TACE,"SG 88,6 × 35,1 m; SLP 17,7 × 7,3 m (HR 0,47)","0,50 (SG)",,,https://pubmed.ncbi.nlm.nih.gov/42530948/,artigo revisado por pares (PubMed)
TALENTOP (China),Gastrointestinal,Lancet 2026,Ressecção hepática após atezolizumabe-bevacizumabe (CHC localmente avançado),Manutenção atezo-bev,"Tempo até falha 20,4 × 11,8 m","0,60",,,https://pubmed.ncbi.nlm.nih.gov/42624156/,artigo revisado por pares (PubMed)
ASTRUM-006 (China),Gastrointestinal,Lancet 2026,Serplulimabe perioperatório + QT (gástrico PD-L1+),Placebo + QT,"SLE NA × 42,0 m (CPS≥10); ITT HR 0,73","0,65 (CPS≥10)",,,https://pubmed.ncbi.nlm.nih.gov/42225112/,artigo revisado por pares (PubMed)
Neo-CRAG (China),Gastrointestinal,ASCO 2026,QRT neoadjuvante (gástrico localmente avançado),QT neoadjuvante,"SLD 52,7 × 24,4 m; SG 67,5 × 37,6 m (HR 0,78); pCR 14,8% × 6,2%","0,75 (SLD)",,,https://oncodaily.com/oncolibrary/gastrointestinal-oncology/asco-2026-gi,notícia/relato de congresso (abstract não revisado por pares)
SCIENCE (China),Gastrointestinal,ASCO 2026,QRT + sintilimabe neoadjuvante (CEC esôfago),QRT isolada / QT + sintilimabe,"pCR 57,3% × 49,0% × 18,0% (SLE imatura)",—,,,https://oncodaily.com/oncolibrary/gastrointestinal-oncology/asco-2026-gi,notícia/relato de congresso (abstract não revisado por pares)
SKYSCRAPER-08 (Ásia),Gastrointestinal,Lancet Oncol 2026,Tiragolumabe + atezolizumabe + QT 1L CEC esôfago,Placebo + QT,"SG 15,7 × 11,1 m; SLP HR 0,56 (efeito do tiragolumabe não isolável)","0,70 (SG)",,,https://pubmed.ncbi.nlm.nih.gov/41449142/,artigo revisado por pares (PubMed)
SKYSCRAPER-07,Gastrointestinal,Ann Oncol 2026,Atezolizumabe + tiragolumabe pós-QRT definitiva (CEC esôfago),Placebo,"SLP HR 0,82 (NS); atezo isolado × placebo: SG HR 0,69 (descritivo)","0,82",sim,,https://pubmed.ncbi.nlm.nih.gov/42628839/,artigo revisado por pares (PubMed)
FIGHT-302,Gastrointestinal,ASCO 2026; JCO 2026,Pemigatinibe 1L colangiocarcinoma FGFR2,Gemcitabina-cisplatina,"SLP 8,3 × 6,8 m; ORR 47% × 15%; SG 24,4 × 25,0 m (crossover)","0,58 (SLP)",,,https://pubmed.ncbi.nlm.nih.gov/42223137/,artigo revisado por pares (PubMed)
ZSAB-neoGOLP (China),Gastrointestinal,NEJM 2026 (mar),Neoadjuvância GEMOX + lenvatinibe + toripalimabe (colangio intra-hepático ressecável alto risco),Cirurgia direta,"SLE 18,0 × 8,7 m; SG 24m 79% × 61% (HR 0,43; não atingiu limite)",—,,,https://pubmed.ncbi.nlm.nih.gov/41780001/,artigo revisado por pares (PubMed)
KC-WISE (China),Gastrointestinal,Ann Oncol 2026,Anbenitamabe + QT 2L gástrico HER2+,QT,"SG 19,6 × 11,5 m; SLP 7,1 × 2,7 m","0,29 (SG)",,,https://pubmed.ncbi.nlm.nih.gov/41571045/,artigo revisado por pares (PubMed)
POD1UM-303/InterAACT-2,Gastrointestinal,Ann Oncol 2026,Retifanlimabe + carboplatina-paclitaxel 1L canal anal,Placebo + carbo-pacli,"SG 32,8 × 22,2 m; SLP HR 0,62","0,75 (SG)",,,https://pubmed.ncbi.nlm.nih.gov/42097353/,artigo revisado por pares (PubMed)
TRIPLETE (final),Gastrointestinal,JCO 2026,mFOLFOXIRI + panitumumabe 1L RAS/BRAF WT,mFOLFOX6 + panitumumabe,"SG 41,1 × 33,3 m (desfecho primário ORR negativo; SLP HR 0,95)","0,79 (SG)",,,https://pubmed.ncbi.nlm.nih.gov/41505697/,artigo revisado por pares (PubMed)
TNTCRT (China),Gastrointestinal,JCO 2026,TNT com RT longa (reto alto risco),QRT neoadjuvante,"SLD 3a 74,8% × 66,0%; pCR 26,4% × 9,8%","0,67",,,https://pubmed.ncbi.nlm.nih.gov/42492015/,artigo revisado por pares (PubMed)
ARISTOTLE,Gastrointestinal,Lancet Oncol 2026,Irinotecano + QRT (reto localmente avançado),QRT com capecitabina,SLD 3a 68% × 67%,"0,91",sim,,https://pubmed.ncbi.nlm.nih.gov/42508427/,artigo revisado por pares (PubMed)
ALTAIR (CIRCULATE-Japan),Gastrointestinal,Nat Med 2026,FTD/TPI na recidiva molecular (ctDNA+ sem doença radiológica),Placebo,"SLD 9,3 × 5,6 m (NS)","0,79",sim,,https://pubmed.ncbi.nlm.nih.gov/42260101/,artigo revisado por pares (PubMed)
CAIRO6,Gastrointestinal,Lancet Oncol 2026,Sistêmica perioperatória + CRS-HIPEC (metástase peritoneal de CCR),CRS-HIPEC isolada,SG 44 × 39 m (NS),"0,85",sim,,https://pubmed.ncbi.nlm.nih.gov/42372745/,artigo revisado por pares (PubMed)
PERISCOPE II,Gastrointestinal,Lancet Oncol 2026,Gastrectomia + CRS + HIPEC (gástrico c/ peritônio limitado),Sistêmica isolada,"SG 15,7 × 16,6 m; mais EA graves","1,10",sim,,https://pubmed.ncbi.nlm.nih.gov/42419336/,artigo revisado por pares (PubMed)
COMPETE,Gastrointestinal,Lancet 2026,[177Lu]Lu-edotreotide (TNE GEP),Everolimo,"SLP 23,9 × 14,1 m","0,67",,,https://pubmed.ncbi.nlm.nih.gov/42392118/,artigo revisado por pares (PubMed)
KEYNOTE-B15/EV-304,Geniturinário,ASCO GU 2026; NEJM 2026 (jul),Enfortumabe vedotina + pembrolizumabe perioperatório (CMI elegível a cisplatina),Gemcitabina-cisplatina neoadjuvante,"SLE 2a 79,4% × 66,2%; SG HR 0,65 (2a 86,9% × 81,3%); pCR 55,8% × 32,5%","0,53 (SLE)",,sim,https://pubmed.ncbi.nlm.nih.gov/42485627/,artigo revisado por pares + apresentação em congresso
KEYNOTE-905/EV-303,Geniturinário,NEJM 2026 (abr); análise patológica no ASCO GU 2026,Enfortumabe vedotina + pembrolizumabe perioperatório (CMI inelegível a cisplatina),Cistectomia isolada,"SLE 2a 74,7% × 39,4%; SG HR 0,50 (2a 79,7% × 63,1%); pCR 57,1% × 8,6%","0,40 (SLE)",,sim,https://pubmed.ncbi.nlm.nih.gov/41707170/,artigo revisado por pares + apresentação em congresso
PROTEUS,Geniturinário,ASCO 2026 Plenária (LBA1); NEJM 2026,Apalutamida + ADT perioperatória + prostatectomia (alto risco localizado),Placebo + ADT,"SLM 5a 78,2% × 73,5%; pCR/DRM 8,9% × 1,0%; SLE 57,1 × 38,4 m (HR 0,71)","0,80 (SLM)",,sim,https://pubmed.ncbi.nlm.nih.gov/42223077/ ; https://www.targetedonc.com/view/2026-asco-plenary-delivers-practice-changing-progress,artigo revisado por pares + apresentação em congresso
TALAPRO-3,Geniturinário,ASCO 2026 (LBA5007); NEJM 2026,"Talazoparibe + enzalutamida (CPm sensível, HRR+)",Placebo + enzalutamida,"rSLP 3a 77% × 56%; SG HR 0,77 (imaturo, NS)","0,48 (rSLP)",,,https://pubmed.ncbi.nlm.nih.gov/42223064/ ; https://touchoncology.com/insight/prostate-cancer-at-asco-2026-which-prostate-cancer-late-breakers-could-change-practice/,artigo revisado por pares + apresentação em congresso
PSMAddition,Geniturinário,Lancet 2026; QoL no ASCO GU 2026,[177Lu]Lu-PSMA-617 + ARPI + ADT (CPm sensível PSMA+),ARPI + ADT,rSLP medianas NA (2ª interina),"0,72",,,https://pubmed.ncbi.nlm.nih.gov/42561994/,artigo revisado por pares (PubMed)
PEACE-3 (SG final),Geniturinário,ASCO GU 2026,Enzalutamida + rádio-223 (CRPCm ósseo),Enzalutamida,"SG 38,2 × 32,6 m; rSLP HR 0,71","0,76 (SG)",,,https://www.urotoday.com/conference-highlights/asco-gu-2026/asco-gu-2026-prostate-cancer/166857-asco-gu-2026-final-overall-survival-results-from-the-eortc-1333-peace-3-trial-enzalutamide-with-or-without-radium-223-in-metastatic-castration-resistant-prostate-cancer.html,notícia/relato de congresso (abstract não revisado por pares)
EMBARK (SG),Geniturinário,NEJM 2026 (fev),Enzalutamida + leuprolida (recidiva bioquímica alto risco),Leuprolida,"SG 8a 78,9% × 69,5%; enza monoterapia NS (HR 0,83)","0,60",,,https://pubmed.ncbi.nlm.nih.gov/41124201/,artigo revisado por pares (PubMed)
PATCH/STAMPEDE,Geniturinário,NEJM 2026 (abr),Estradiol transdérmico (localmente avançado),Agonista LHRH,"SLM 3a 87,1% × 85,9% (não inferior); menos fogachos, mais ginecomastia","0,96",,,https://pubmed.ncbi.nlm.nih.gov/41880608/,artigo revisado por pares (PubMed)
CAPItello-281,Geniturinário,Ann Oncol 2026,Capivasertibe + abiraterona (CPm sensível PTEN-deficiente),Placebo + abiraterona,"rSLP 33,2 × 25,7 m; SG HR 0,90 (imaturo)","0,81",,,https://pubmed.ncbi.nlm.nih.gov/41120017/,artigo revisado por pares (PubMed)
CheckMate 7DX,Geniturinário,Lancet Oncol 2026,Nivolumabe + docetaxel (CRPCm),Placebo + docetaxel,"SG 18,7 × 18,9 m; rSLP HR 0,96","1,09 (SG)",sim,,https://pubmed.ncbi.nlm.nih.gov/41449150/,artigo revisado por pares (PubMed)
GETUG-AFU 18,Geniturinário,Lancet Oncol 2026,RT 80 Gy + ADT longa (alto risco),RT 70 Gy + ADT longa,"SLP 10a 83,6% × 72,2%","0,56",,,https://pubmed.ncbi.nlm.nih.gov/42636837/,artigo revisado por pares (PubMed)
CAN-2409 (aglatimagene),Geniturinário,Lancet Oncol 2026,Aglatimagene besadenovec + RT (próstata localizada),Placebo + RT,"SLD mediana NA × 86,1 m","0,70",,,https://pubmed.ncbi.nlm.nih.gov/42225101/,artigo revisado por pares (PubMed)
ASCENDE-RT (15a),Geniturinário,ASCO GU 2026,Boost de braquiterapia,Boost de RT externa,"SG 15a 60,9% × 55,0% (sem diferença)","1,02",sim,,https://www.urotoday.com/conference-highlights/asco-gu-2026/asco-gu-2026-prostate-cancer/166888-asco-gu-2026-15-year-survival-analysis-from-the-ascende-rt-randomized-trial-of-external-beam-boost-versus-brachytherapy-boost-in-localized-prostate-cancer.html,notícia/relato de congresso (abstract não revisado por pares)
LITESPARK-022,Geniturinário,ASCO GU 2026; NEJM 2026 (jul),Pembrolizumabe + belzutifano adjuvante (CCR células claras),Pembrolizumabe + placebo,"SLD 24m 80,7% × 73,7%; SG HR 0,78 (NS, imaturo); G≥3 52,1% × 30,2%","0,72",,,https://pubmed.ncbi.nlm.nih.gov/42384869/,artigo revisado por pares + apresentação em congresso
LITESPARK-011,Geniturinário,ASCO GU 2026; Lancet 2026,Belzutifano + lenvatinibe pós-anti-PD-(L)1,Cabozantinibe,"SLP 14,8 × 10,7 m; SG 34,9 × 27,6 m (HR 0,85; NS)","0,70 (SLP)",,,https://pubmed.ncbi.nlm.nih.gov/42586114/,artigo revisado por pares + apresentação em congresso
KEYNOTE-564 (5a),Geniturinário,Ann Oncol 2026,Pembrolizumabe adjuvante (CCR),Placebo,"SG 5a 87,7% × 82,3%; SLD HR 0,71","0,66 (SG)",,,https://pubmed.ncbi.nlm.nih.gov/42648402/,artigo revisado por pares (PubMed)
COSMIC-313 (final),Geniturinário,Ann Oncol 2026,Cabozantinibe + nivo + ipi 1L CCR,Placebo + nivo + ipi,"SG NS; SLP 16,6 × 11,2 m (HR 0,82)","1,02 (SG)",sim,,https://pubmed.ncbi.nlm.nih.gov/41720427/,artigo revisado por pares (PubMed)
CheckMate 274 (5a),Geniturinário,Ann Oncol 2026,Nivolumabe adjuvante (urotelial invasivo alto risco),Placebo,"SLD 21,9 × 11,0 m (HR 0,74); SG 75,0 × 50,1 m (NS)","0,83 (SG)",,,https://pubmed.ncbi.nlm.nih.gov/41110694/,artigo revisado por pares (PubMed)
ALBAN (GETUG-AFU 37),Geniturinário,Ann Oncol 2026,Atezolizumabe + BCG (CBNMI alto risco virgem de BCG),BCG,SLE sem diferença,"0,98",sim,,https://pubmed.ncbi.nlm.nih.gov/41110692/,artigo revisado por pares (PubMed)
ROSELLA (SG),Ginecológico,Lancet 2026,Relacorilante + nab-paclitaxel (ovário platino-resistente),Nab-paclitaxel,"SG 16,0 × 11,9 m; SG 18m 46% × 27%","0,65",,,https://pubmed.ncbi.nlm.nih.gov/41974149/,artigo revisado por pares (PubMed)
KEYNOTE-B96/ENGOT-ov65,Ginecológico,Lancet 2026,Pembrolizumabe + paclitaxel semanal (ovário platino-resistente),Placebo + paclitaxel,"SG CPS≥1 18,2 × 14,0 m (HR 0,76); SG ITT 17,7 × 14,0 m (HR 0,82)","0,76 (SG CPS≥1)",,,https://pubmed.ncbi.nlm.nih.gov/41974150/,artigo revisado por pares (PubMed)
KEYLYNK-001,Ginecológico,Lancet Oncol 2026,Pembro + QT → pembro + olaparibe (ovário BRCA não mutado),QT → placebo,"SLP ITT HR 0,71 (final); pembro sem olaparibe NS","0,71",,,https://pubmed.ncbi.nlm.nih.gov/42705254/,artigo revisado por pares (PubMed)
NRG-GY018 (atualização SG),Ginecológico,ASCO 2026 (abstr 5502),Pembrolizumabe + carbo-pacli (endométrio avançado/recorrente),Placebo + carbo-pacli,"dMMR: SG 48m 79% × 60% (HR 0,56); pMMR: SG 44,4 × 35,1 m (NS)","0,56 (dMMR)",,,https://ascopost.com/news/june-2026/addition-of-pembrolizumab-to-chemotherapy-continues-to-demonstrate-overall-survival-benefit-in-advanced-or-recurrent-endometrial-cancer/,notícia/relato de congresso (abstract não revisado por pares)
"RUBY parte 1 (4a, dMMR)",Ginecológico,SGO 2026 (não ASCO/ESMO),Dostarlimabe + carbo-pacli (endométrio dMMR/MSI-H),Placebo + carbo-pacli,"SG 4a 72,8% × 40,3%; SLP HR 0,30","0,34 (SG)",,,https://ascopost.com/issues/june-10-2026/four-year-ruby-data-support-curative-intent-with-dostarlimab-in-dmmrmsi-h-endometrial-cancer/,notícia/relato de congresso (abstract não revisado por pares)
PORTEC-4a,Ginecológico,Lancet Oncol 2026,Adjuvância guiada por perfil molecular (endométrio risco intermediário-alto),Braquiterapia vaginal,"Recidiva vaginal 5a 4,5% × 1,6% (não inferior pela margem)","2,71",,,https://pubmed.ncbi.nlm.nih.gov/41449145/,artigo revisado por pares (PubMed)
TMC-I (Tata Memorial),Cabeça e pescoço / tireoide,ASCO 2026 (LBA6007),Metotrexato + erlotinibe + celecoxibe orais + nivolumabe 20 mg (R/M platino-sensível),Carboplatina-paclitaxel,"SG 10,3 × 6,2 m; SLP 5,5 × 2,7 m (HR 0,47); custo ~US$ 2.700/ano","0,57 (SG)",,sim,https://www.targetedonc.com/view/ultra-low-dose-immunotherapy-plus-oral-metronomic-chemotherapy-effective-in-hnscc ; https://ascopost.com/news/june-2026/oral-metronomic-chemotherapy-plus-ultra-low-dose-immunotherapy-improves-survival-in-advanced-head-and-neck-cancer/,notícia/relato de congresso (abstract não revisado por pares)
NIVOPOST-OP (GORTEC 2018-01),Cabeça e pescoço / tireoide,Lancet 2026,Nivolumabe + cisplatina-RT pós-operatória (alto risco),Cisplatina-RT,"SLD melhor, independente de PD-L1","0,76",,,https://pubmed.ncbi.nlm.nih.gov/41448222/,artigo revisado por pares (PubMed)
LEAP-010,Cabeça e pescoço / tireoide,JCO 2026,Lenvatinibe + pembrolizumabe 1L R/M,Placebo + pembrolizumabe,"SG 15,0 × 17,9 m (sem benefício); SLP 6,2 × 2,8 m","1,15 (SG)",sim,,https://pubmed.ncbi.nlm.nih.gov/41818638/,artigo revisado por pares (PubMed)
"IMPT × IMRT (MDACC, EUA)",Cabeça e pescoço / tireoide,Lancet 2026,Prótons (IMPT) — orofaringe,Fótons (IMRT),"SLP não inferior (HR 0,88); SG 5a 90,9% × 81,0% (HR 0,58); gastrostomia 26,8% × 40,2%","0,88 (SLP)",,,https://pubmed.ncbi.nlm.nih.gov/41391462/,artigo revisado por pares (PubMed)
TORPEdO (Reino Unido),Cabeça e pescoço / tireoide,Lancet 2026,Prótons (IMPT) — orofaringe,IMRT,Sem diferença em dependência de gastrostomia/perda de peso aos 12 m,—,sim,,https://pubmed.ncbi.nlm.nih.gov/41875914/,artigo revisado por pares (PubMed)
Dabrafenibe + trametinibe (tireoide diferenciada),Cabeça e pescoço / tireoide,Lancet Oncol 2026,Dabrafenibe + trametinibe,Placebo,"SLP 12,8 × 3,7 m; ORR 57% × 4%; SG HR 0,66 (NS)","0,38",,,https://pubmed.ncbi.nlm.nih.gov/42442381/,artigo revisado por pares (PubMed)
CheckMate 238 (9a),Melanoma / pele,NEJM 2026 (jan),Nivolumabe adjuvante III–IV,Ipilimumabe,"SLR 61,1 × 24,2 m; SG 9a 69% × 65% (HR 0,88; NS)","0,76 (SLR)",,,https://pubmed.ncbi.nlm.nih.gov/41124198/,artigo revisado por pares (PubMed)
KEYVIBE-010,Melanoma / pele,Lancet Oncol 2026,Vibostolimabe + pembrolizumabe adjuvante,Pembrolizumabe,Interrompido por futilidade,"1,25 (SLR)",sim,,https://pubmed.ncbi.nlm.nih.gov/41698381/,artigo revisado por pares (PubMed)
PIVOTAL,Melanoma / pele,ASCO 2026 (LBA9517),Daromun intralesional neoadjuvante (III localmente avançado),Cirurgia direta,"SLR melhor; SLE HR 0,66","0,60 (SLR)",,,https://touchderma.com/cutaneous-oncology-and-oncodermatology/conference-hub/skin-cancer-at-asco-2026-five-late-breaking-studies/,notícia/relato de congresso (abstract não revisado por pares)
MELATORCH (China),Melanoma / pele,JAMA Oncol 2026,Toripalimabe 1L (inclui acral),Dacarbazina,"SLP melhor; ORR 11,0% × 8,6%","0,71",,,https://pubmed.ncbi.nlm.nih.gov/41481311/,artigo revisado por pares (PubMed)
"Tebentafusp (5a, uveal)",Melanoma / pele,Ann Oncol 2026,Tebentafusp,Escolha do investigador,"SG 21,6 × 16,9 m; SG 5a 16% × 8%","0,67",,,https://pubmed.ncbi.nlm.nih.gov/42162665/,artigo revisado por pares (PubMed)
ADAM (Merkel N+),Melanoma / pele,ASCO 2026 (LBA9504),Avelumabe adjuvante,Placebo,"SLR NS (p=0,13); recidiva de MCC HR 0,51","0,61 (SLR)",sim,,https://touchderma.com/cutaneous-oncology-and-oncodermatology/conference-hub/skin-cancer-at-asco-2026-five-late-breaking-studies/,notícia/relato de congresso (abstract não revisado por pares)
STAMP/EA6174 (Merkel),Melanoma / pele,ASCO 2026 (LBA9505),Pembrolizumabe adjuvante,Observação,"SLR global NS (p=0,10); SLR MCC-específica HR 0,66","0,66 (SLR MCC)",,,https://touchderma.com/cutaneous-oncology-and-oncodermatology/conference-hub/skin-cancer-at-asco-2026-five-late-breaking-studies/,notícia/relato de congresso (abstract não revisado por pares)
MajesTEC-3,Hemato-oncologia,NEJM 2026 (fev),Teclistamabe + daratumumabe (MM 1–3 linhas),DPd ou DVd,"SLP 36m 83,4% × 29,7%; MRD-neg 58,4% × 17,1%","0,17",,sim,https://pubmed.ncbi.nlm.nih.gov/41363801/,artigo revisado por pares (PubMed)
MajesTEC-9,Hemato-oncologia,NEJM 2026 (jul),Teclistamabe (MM 1–3 linhas),PVd ou Kd,"SLP 18m 69,8% × 26,9%; SG HR 0,60","0,29 (SLP)",,,https://pubmed.ncbi.nlm.nih.gov/42212933/,artigo revisado por pares (PubMed)
MonumenTAL-3,Hemato-oncologia,NEJM 2026 (ago),Talquetamabe + dara ± pomalidomida (MM ≥1 linha),DPd,"SLP 24m 81,3%/77,6% × 51,2%; SG HR 0,47/0,51","0,28 / 0,33",,,https://pubmed.ncbi.nlm.nih.gov/42294841/,artigo revisado por pares (PubMed)
SUCCESSOR-2,Hemato-oncologia,Lancet 2026 (jul),Mezigdomida + Kd (MM R/R),Kd,"SLP 18,0 × 8,3 m","0,48",,,https://pubmed.ncbi.nlm.nih.gov/42289183/,artigo revisado por pares (PubMed)
EXCALIBER-RRMM,Hemato-oncologia,Lancet Oncol 2026,Iberdomida + Dd (MM R/R),DVd,DRM-neg RC 41% × 21%,—,,,https://pubmed.ncbi.nlm.nih.gov/42790445/,artigo revisado por pares (PubMed)
EMN24 IsKia,Hemato-oncologia,Nat Med 2026,Isa-KRd (MM NDMM elegível a TCTH),KRd,DRM-neg 10⁻⁵ 77% × 67%; 10⁻⁶ 68% × 48%,—,,,https://pubmed.ncbi.nlm.nih.gov/41942646/,artigo revisado por pares (PubMed)
ENDURANCE (manutenção),Hemato-oncologia,NEJM 2026 (jul),Lenalidomida contínua,Lenalidomida por 2 anos,"SG 7a 68,6% × 69,0% (sem diferença → duração fixa aceitável)",—,sim,,https://pubmed.ncbi.nlm.nih.gov/42456135/,artigo revisado por pares (PubMed)
frontMIND,Hemato-oncologia,ASCO 2026 (LBA7000); Lancet 2026,Tafasitamabe + lenalidomida + R-CHOP (LDGCB alto risco),R-CHOP,"SLP 2a 71,1% × 62,9%; SG HR 0,85 (interina)","0,75",,,https://pubmed.ncbi.nlm.nih.gov/42217458/,artigo revisado por pares + apresentação em congresso
EPCORE FL-1,Hemato-oncologia,Lancet 2026 (jan),Epcoritamabe + R2 (LF R/R),R2,"SLP 16m 85,5% × 40,2%; ORR 95% × 79%","0,21",,,https://pubmed.ncbi.nlm.nih.gov/41371238/,artigo revisado por pares (PubMed)
inMIND,Hemato-oncologia,Lancet 2026 (jan),Tafasitamabe + R2 (LF R/R),Placebo + R2,"SLP 22,4 × 13,9 m","0,43",,,https://pubmed.ncbi.nlm.nih.gov/41360064/,artigo revisado por pares (PubMed)
CLL17,Hemato-oncologia,NEJM 2026 (mar),Venetoclax-obinutuzumabe ou venetoclax-ibrutinibe (duração fixa),Ibrutinibe contínuo,"SLP 3a 81,1% / 79,4% × 81,0% (não inferior)","0,87 / 0,84",,,https://pubmed.ncbi.nlm.nih.gov/41358601/,artigo revisado por pares (PubMed)
BRUIN CLL-322,Hemato-oncologia,Lancet 2026,Pirtobrutinibe + venetoclax-rituximabe (LLC R/R),Venetoclax-rituximabe,SLP 24m 87% × 72%,"0,55",,,https://pubmed.ncbi.nlm.nih.gov/42425121/,artigo revisado por pares (PubMed)
BRUIN CLL-313,Hemato-oncologia,JCO 2026,Pirtobrutinibe 1L LLC,Bendamustina-rituximabe,"SLP 24m 93,4% × 70,7%","0,20",,,https://pubmed.ncbi.nlm.nih.gov/41363773/,artigo revisado por pares (PubMed)
"TRIANGLE (4,5a)",Hemato-oncologia,Lancet 2026,R-CHOP/R-DHAP + ibrutinibe + TCTH autólogo (LCM),Mesmo esquema sem TCTH,FFS 4a 82% × 81% (TCTH não acrescenta),"0,86",sim,,https://pubmed.ncbi.nlm.nih.gov/42134356/,artigo revisado por pares (PubMed)
MATRix/IELSG43,Hemato-oncologia,Lancet 2026,QT altas doses + TCTH autólogo (LPSNC),R-DeVIC não mieloablativo,SLP 3a 78% × 51%,"0,43",,,https://pubmed.ncbi.nlm.nih.gov/42486133/,artigo revisado por pares (PubMed)
PARADIGM (fase 2),Hemato-oncologia,NEJM 2026 (set),Azacitidina + venetoclax (LMA elegível a indução),QT de indução intensiva,"SLE 14,5 × 6,2 m","0,57",,,https://pubmed.ncbi.nlm.nih.gov/42685316/,artigo revisado por pares (PubMed)
AIEOP-BFM ALL 2017,Hemato-oncologia,NEJM 2026 (set),Blinatumomabe substituindo 2 ciclos de QT (LLA-B pediátrica alto risco),QT,"SLE 4a 83,0% × 70,3%; infecção 23,9% × 69,4%","0,51",,,https://pubmed.ncbi.nlm.nih.gov/42748428/,artigo revisado por pares (PubMed)
SARC041,"Outros (sarcoma, SNC, rastreamento, suporte)",ASCO 2026 Plenária (LBA2),Abemaciclibe (lipossarcoma desdiferenciado avançado),Placebo,"SLP 9,7 × 1,5 m; SG HR 0,55 (NS, p=0,07)","0,38",,sim,https://www.targetedonc.com/view/2026-asco-plenary-delivers-practice-changing-progress,notícia/relato de congresso (abstract não revisado por pares)
MANEUVER,"Outros (sarcoma, SNC, rastreamento, suporte)",Lancet 2026,Pimicotinibe (tumor de células gigantes tenossinovial),Placebo,ORR 25 sem 54% × 3%,—,,,https://pubmed.ncbi.nlm.nih.gov/41796601/,artigo revisado por pares (PubMed)
ROAM/EORTC-1308,"Outros (sarcoma, SNC, rastreamento, suporte)",Lancet 2026,RT adjuvante (meningioma atípico grau 2),Observação,"SLD 5a 79,9% × 64,3%","0,51",,,https://pubmed.ncbi.nlm.nih.gov/42790456/,artigo revisado por pares (PubMed)
CATNON (final),"Outros (sarcoma, SNC, rastreamento, suporte)",Lancet Oncol 2026,Temozolomida adjuvante (glioma anaplásico sem codeleção 1p/19q),Sem TMZ adjuvante,"SG HR 0,65; IDH-mut: 12,5 × 6,0 anos (HR 0,54); sem benefício em IDH-wt","0,65",,,https://pubmed.ncbi.nlm.nih.gov/41449147/,artigo revisado por pares (PubMed)
NHS-Galleri,"Outros (sarcoma, SNC, rastreamento, suporte)",NEJM 2026 (set),Teste de detecção precoce multicâncer (MCED),Cuidado usual,"Estádio III–IV: IRR 1,03 (NS); estádio IV IRR 0,86","1,03 (IRR)",sim,,https://pubmed.ncbi.nlm.nih.gov/42776074/,artigo revisado por pares (PubMed)
EPoS II,"Outros (sarcoma, SNC, rastreamento, suporte)",NEJM 2026 (set),Colonoscopia de vigilância aos 5 anos pós-adenoma alto risco,Aos 3 anos,"CCR 5a 0,77% × 0,82% (não inferior; interina)",—,,,https://pubmed.ncbi.nlm.nih.gov/42748427/,artigo revisado por pares (PubMed)
RECITE,"Outros (sarcoma, SNC, rastreamento, suporte)",NEJM 2026 (mar),Romiplostim (plaquetopenia induzida por QT com oxaliplatina),Placebo,Sem modificação de dose 84% × 36%,—,,,https://pubmed.ncbi.nlm.nih.gov/41812193/,artigo revisado por pares (PubMed)
