lista,n,versao_ctcae,meddra_llt_code,term_en,termo_pt,soc_en,soc_pt_traducao_livre,grade1_en,grade2_en,grade3_en,grade4_en,grade5_en,grau1_pt,grau2_pt,grau3_pt,grau4_pt,grau5_pt,definition_en,definicao_pt,nav_note_en,nota_navegacao_pt,v6_change_en,mudanca_v6_pt,farmacos_tipicos_curadoria
principal,1,CTCAE v6.0 (MedDRA 28.0),10028813,Nausea,Náusea,Gastrointestinal disorders,Distúrbios gastrointestinais,Loss of appetite without alteration in eating habits,"Oral intake decreased without significant weight loss, dehydration or malnutrition; IV intervention indicated","Inadequate oral caloric or fluid intake; tube feeding, TPN, or hospitalization indicated",-,-,Perda de apetite sem alteração dos hábitos alimentares,"Ingestão oral diminuída sem perda de peso significativa, desidratação ou desnutrição; intervenção IV indicada","Ingestão oral calórica ou hídrica inadequada; alimentação por sonda, NPT ou hospitalização indicada",-,-,A disorder characterized by a queasy sensation and/or the urge to vomit.,Distúrbio caracterizado por sensação de enjoo e/ou vontade de vomitar.,"Consider Gastrointestinal disorders: Enterocolitis, Gastritis and/or Endocrine disorders: Adrenal insufficiency, Hypophysitis.","Considerar Distúrbios gastrointestinais: Enterocolite, Gastrite e/ou Distúrbios endócrinos: Insuficiência adrenal, Hipofisite.",Addition: Navigational Note; Clarification: Grade 2,Adição: Nota de navegação; Esclarecimento: Grau 2,"Cisplatina, carboplatina, antraciclinas, ciclofosfamida, irinotecano; iPARP (olaparibe, niraparibe); trastuzumabe deruxtecana"
principal,2,CTCAE v6.0 (MedDRA 28.0),10047700,Vomiting,Vômito,Gastrointestinal disorders,Distúrbios gastrointestinais,Intervention not indicated,Initiation of outpatient IV hydration; medical intervention indicated,"Initiation of tube feeding, or TPN; hospitalization indicated",Life-threatening consequences,Death,Intervenção não indicada,Início de hidratação IV ambulatorial; intervenção médica indicada,Início de alimentação por sonda ou NPT; hospitalização indicada,Consequências com risco à vida,Óbito,A disorder characterized by the reflexive act of ejecting the contents of the stomach through the mouth.,Distúrbio caracterizado pelo ato reflexo de expelir o conteúdo do estômago pela boca.,"Consider Gastrointestinal disorders: Enterocolitis, Gastritis and/or Endocrine disorders: Adrenal insufficiency, Hypophysitis.","Considerar Distúrbios gastrointestinais: Enterocolite, Gastrite e/ou Distúrbios endócrinos: Insuficiência adrenal, Hipofisite.","Addition: Navigational Note; Clarification: Grade 2, 3","Adição: Nota de navegação; Esclarecimento: Grau 2, 3","Cisplatina, carboplatina, antraciclinas, ciclofosfamida, irinotecano; iPARP"
principal,3,CTCAE v6.0 (MedDRA 28.0),10012727,Diarrhea,Diarreia,Gastrointestinal disorders,Distúrbios gastrointestinais,Change in consistency or frequency,Increase of 4 - 6 stools per day over baseline; moderate increase in ostomy output compared to baseline; limiting instrumental ADL or mild/moderate impact on age-appropriate normal daily activity (pediatric); change in consistency or frequency AND limiting instrumental ADL or mild/moderate impact on age-appropriate normal daily activity (pediatric),Increase of >=7 stools per day over baseline; hospitalization indicated; severe increase in ostomy output compared to baseline; requires IV intervention; limiting self-care ADL or severe impact on age-appropriate normal daily activity (pediatric),Life-threatening consequences; urgent intervention indicated,Death,Alteração na consistência ou frequência,Aumento de 4 - 6 evacuações por dia em relação ao basal; aumento moderado do débito da ostomia em relação ao basal; limitando AVD instrumental ou impacto leve/moderado na atividade diária normal apropriada para a idade (pediátrico); alteração na consistência ou frequência E limitando AVD instrumental ou impacto leve/moderado na atividade diária normal apropriada para a idade (pediátrico),Aumento de >=7 evacuações por dia em relação ao basal; hospitalização indicada; aumento grave do débito da ostomia em relação ao basal; requer intervenção IV; limitando AVD de autocuidado ou impacto grave na atividade diária normal apropriada para a idade (pediátrico),Consequências com risco à vida; intervenção urgente indicada,Óbito,A disorder characterized by an increase in frequency and/or loose or watery bowel movements.,Distúrbio caracterizado por aumento da frequência e/ou evacuações amolecidas ou aquosas.,"Consider Gastrointestinal disorders: Colitis, Enterocolitis.","Considerar Distúrbios gastrointestinais: Colite, Enterocolite.","Addition: Navigational Note; Clarification: Grade 1, 2, 3","Adição: Nota de navegação; Esclarecimento: Grau 1, 2, 3","Irinotecano, 5-FU/capecitabina; TKIs anti-HER/EGFR (lapatinibe, neratinibe, afatinibe); abemaciclibe; ICI (avaliar colite)"
principal,4,CTCAE v6.0 (MedDRA 28.0),10010774,Constipation,Constipação,Gastrointestinal disorders,Distúrbios gastrointestinais,"Occasional or intermittent symptoms; occasional use of stool softeners, laxatives, dietary modification, or enema",Persistent symptoms with regular use of laxatives or enemas; limiting instrumental ADL or mild/moderate impact on age-appropriate normal daily activity (pediatric),Obstipation with manual evacuation indicated; limiting self-care ADL or severe impact on age-appropriate normal daily activity (pediatric),Life-threatening consequences; urgent intervention indicated,Death,"Sintomas ocasionais ou intermitentes; uso ocasional de emolientes fecais, laxantes, modificação dietética ou enema",Sintomas persistentes com uso regular de laxantes ou enemas; limitando AVD instrumental ou impacto leve/moderado na atividade diária normal apropriada para a idade (pediátrico),Obstipação com indicação de evacuação manual; limitando AVD de autocuidado ou impacto grave na atividade diária normal apropriada para a idade (pediátrico),Consequências com risco à vida; intervenção urgente indicada,Óbito,A disorder characterized by irregular and infrequent or difficult evacuation of the bowels.,Distúrbio caracterizado por evacuação intestinal irregular e infrequente ou difícil.,-,-,"Clarification: Grade 2, 3","Esclarecimento: Grau 2, 3","Alcaloides da vinca (vinorelbina, vincristina); medicações de suporte (antagonistas 5-HT3, opioides)"
principal,5,CTCAE v6.0 (MedDRA 28.0),10028130,Mucositis oral,Mucosite oral,Gastrointestinal disorders,Distúrbios gastrointestinais,Asymptomatic or mild symptoms; intervention not indicated,Moderate pain or ulcer that does not interfere with oral intake; modified diet indicated,Severe pain; interfering with oral intake,Life-threatening consequences; urgent intervention indicated,Death,Assintomático ou sintomas leves; intervenção não indicada,Dor moderada ou úlcera que não interfere na ingestão oral; dieta modificada indicada,Dor intensa; interferindo na ingestão oral,Consequências com risco à vida; intervenção urgente indicada,Óbito,A disorder characterized by ulceration or inflammation of the oral mucosal.,Distúrbio caracterizado por ulceração ou inflamação da mucosa oral.,-,-,No Change,Sem alteração,"5-FU (bolus), capecitabina, antraciclinas, docetaxel, metotrexato; everolimo (estomatite); afatinibe"
principal,6,CTCAE v6.0 (MedDRA 28.0),10002646,Anorexia,Anorexia (perda de apetite),Metabolism and nutrition disorders,Distúrbios do metabolismo e da nutrição,Loss of appetite without alteration in eating habits,Oral intake altered without significant weight loss or malnutrition; oral nutritional supplements indicated,"Associated with significant weight loss or malnutrition (e.g., inadequate oral caloric and/or fluid intake); tube feeding or TPN indicated",Life-threatening consequences; urgent intervention indicated,Death,Perda de apetite sem alteração dos hábitos alimentares,Ingestão oral alterada sem perda de peso significativa ou desnutrição; suplementos nutricionais orais indicados,"Associada a perda de peso significativa ou desnutrição (p. ex., ingestão oral calórica e/ou hídrica inadequada); alimentação por sonda ou NPT indicada",Consequências com risco à vida; intervenção urgente indicada,Óbito,A disorder characterized by a loss of appetite.,Distúrbio caracterizado por perda de apetite.,-,-,No Change,Sem alteração,"Cisplatina; TKIs multialvo (sunitinibe, cabozantinibe, lenvatinibe); ICI (descartar insuficiência adrenal/hipofisite)"
principal,7,CTCAE v6.0 (MedDRA 28.0),10016256,Fatigue,Fadiga,General disorders and administration site conditions,Distúrbios gerais e condições no local de administração,Fatigue relieved by rest,Fatigue not relieved by rest; limiting instrumental ADL or mild/moderate impact on age-appropriate normal daily activity (pediatric),"Fatigue not relieved by rest, limiting self-care ADL or severe impact on age-appropriate normal daily activity (pediatric)",-,-,Fadiga aliviada pelo repouso,Fadiga não aliviada pelo repouso; limitando AVD instrumental ou impacto leve/moderado na atividade diária normal apropriada para a idade (pediátrico),"Fadiga não aliviada pelo repouso, limitando AVD de autocuidado ou impacto grave na atividade diária normal apropriada para a idade (pediátrico)",-,-,A disorder characterized by a state of generalized weakness with a pronounced inability to summon sufficient energy to accomplish daily activities.,Distúrbio caracterizado por um estado de fraqueza generalizada com acentuada incapacidade de reunir energia suficiente para realizar as atividades diárias.,Record final diagnosis/cause once determined.,Registrar o diagnóstico/causa final quando determinado.,"Addition: Navigational Note; Clarification: Grade 2, 3","Adição: Nota de navegação; Esclarecimento: Grau 2, 3","Quimioterapia citotóxica em geral; TKIs anti-VEGFR; ICI; abiraterona, enzalutamida"
principal,8,CTCAE v6.0 (MedDRA 28.0),10001760,Alopecia,Alopecia,Skin and subcutaneous tissue disorders,Distúrbios da pele e do tecido subcutâneo,Hair loss of <50% of normal for that individual that is not obvious from a distance but only on close inspection; a different hair style may be required to cover the hair loss but it does not require a wig or hair piece to camouflage,Hair loss of >=50% normal for that individual that is readily apparent to others; a wig or hair piece is necessary if the patient desires to completely camouflage the hair loss; associated with psychosocial impact,-,-,-,"Perda de cabelo/pelos <50% do normal para o indivíduo, que não é evidente à distância, apenas à inspeção próxima; pode ser necessário um penteado diferente para disfarçar a perda, mas não requer peruca ou aplique para camuflá-la","Perda de cabelo/pelos >=50% do normal para o indivíduo, facilmente perceptível por outros; peruca ou aplique é necessário se o paciente desejar camuflar completamente a perda; associada a impacto psicossocial",-,-,-,A disorder characterized by a decrease in density of hair compared to normal for a given individual at a given age and body location.,Distúrbio caracterizado por diminuição da densidade de cabelos/pelos em comparação ao normal para um dado indivíduo em determinada idade e localização corporal.,-,-,No Change,Sem alteração,"Taxanos (paclitaxel, docetaxel), antraciclinas, ciclofosfamida, irinotecano, etoposídeo"
principal,9,CTCAE v6.0 (MedDRA 28.0),10034620,Peripheral sensory neuropathy,Neuropatia sensitiva periférica,Nervous system disorders,Distúrbios do sistema nervoso,Mild symptoms,Moderate symptoms; limiting instrumental ADL or mild/moderate impact on age-appropriate normal daily activity (pediatric),Severe symptoms; limiting self-care ADL or severe impact on age-appropriate normal daily activity (pediatric),Life-threatening consequences; urgent intervention indicated,-,Sintomas leves,Sintomas moderados; limitando AVD instrumental ou impacto leve/moderado na atividade diária normal apropriada para a idade (pediátrico),Sintomas graves; limitando AVD de autocuidado ou impacto grave na atividade diária normal apropriada para a idade (pediátrico),Consequências com risco à vida; intervenção urgente indicada,-,A disorder characterized by damage or dysfunction of the peripheral sensory nerves.,Distúrbio caracterizado por dano ou disfunção dos nervos sensitivos periféricos.,-,-,"Clarification: Grade 1, 2, 3","Esclarecimento: Grau 1, 2, 3","Oxaliplatina, cisplatina, paclitaxel, nab-paclitaxel, docetaxel, eribulina, vinorelbina; enfortumabe vedotina"
principal,10,CTCAE v6.0 (MedDRA 28.0),10054524,Palmar-plantar erythrodysesthesia syndrome,Síndrome de eritrodisestesia palmoplantar (síndrome mão-pé),Skin and subcutaneous tissue disorders,Distúrbios da pele e do tecido subcutâneo,"Minimal skin changes or dermatitis (e.g., erythema, edema, or hyperkeratosis) without pain","Skin changes (e.g., peeling, blisters, bleeding, fissures, edema, or hyperkeratosis) with pain; limiting instrumental ADL or mild/moderate impact on age-appropriate normal daily activity (pediatric)","Severe skin changes (e.g., peeling, blisters, bleeding, fissures, edema, or hyperkeratosis) with pain; limiting self-care ADL or severe impact on age-appropriate normal daily activity (pediatric)",-,-,"Alterações cutâneas mínimas ou dermatite (p. ex., eritema, edema ou hiperceratose) sem dor","Alterações cutâneas (p. ex., descamação, bolhas, sangramento, fissuras, edema ou hiperceratose) com dor; limitando AVD instrumental ou impacto leve/moderado na atividade diária normal apropriada para a idade (pediátrico)","Alterações cutâneas graves (p. ex., descamação, bolhas, sangramento, fissuras, edema ou hiperceratose) com dor; limitando AVD de autocuidado ou impacto grave na atividade diária normal apropriada para a idade (pediátrico)",-,-,"A disorder characterized by redness, marked discomfort, swelling, and tingling in the palms of the hands or the soles of the feet. Also known as Hand-Foot Syndrome.","Distúrbio caracterizado por vermelhidão, desconforto acentuado, inchaço e formigamento nas palmas das mãos ou plantas dos pés. Também conhecida como síndrome mão-pé.",-,-,"Clarification: Grade 2, 3","Esclarecimento: Grau 2, 3","Capecitabina, 5-FU infusional, doxorrubicina lipossomal; TKIs multialvo (sorafenibe, regorafenibe, sunitinibe, cabozantinibe — reação mão-pé)"
principal,11,CTCAE v6.0 (MedDRA 28.0),10037868,Rash maculo-papular,Erupção (rash) maculopapular [substitui 'Rash acneiform' da v5.0],Skin and subcutaneous tissue disorders,Distúrbios da pele e do tecido subcutâneo,Asymptomatic,Mild symptoms,Macules/papules covering >50% BSA; moderate or severe symptoms,Life-threatening consequences; urgent intervention indicated,Death,Assintomático,Sintomas leves,Máculas/pápulas cobrindo >50% da SC; sintomas moderados ou graves,Consequências com risco à vida; intervenção urgente indicada,Óbito,"A disorder characterized by the presence of macules (flat) and papules (elevated). Also known as morbilliform rash, it is one of the most common cutaneous adverse events, frequently affecting the upper trunk, spreading centripetally and associated with pruritis.","Distúrbio caracterizado pela presença de máculas (planas) e pápulas (elevadas). Também conhecida como erupção morbiliforme, é um dos eventos adversos cutâneos mais comuns, afetando frequentemente a parte superior do tronco, com disseminação centrípeta, e associada a prurido.",Consider Skin and subcutaneous tissue disorders: Pustular drug eruption.,Considerar Distúrbios da pele e do tecido subcutâneo: Erupção pustulosa por fármaco (Pustular drug eruption).,"Addition: Grade 4, 5, Navigational Note; Clarification: Grade 1, 2, 3, Definition","Adição: Grau 4, 5, Nota de navegação; Esclarecimento: Grau 1, 2, 3, Definição","ICI; anti-EGFR (cetuximabe, panitumumabe) e TKIs EGFR (erlotinibe, gefitinibe, afatinibe, osimertinibe) — o termo v5.0 'Rash acneiform' foi excluído e mapeado oficialmente para este termo"
principal,12,CTCAE v6.0 (MedDRA 28.0),10037087,Pruritus,Prurido,Skin and subcutaneous tissue disorders,Distúrbios da pele e do tecido subcutâneo,Mild or localized; topical intervention indicated,"Widespread and intermittent; skin changes from scratching (e.g., edema, papulation, excoriations, lichenification, oozing/crusts); oral intervention indicated; limiting instrumental ADL or mild/moderate impact on age-appropriate normal daily activity (pediatric)",Widespread and constant; systemic corticosteroid or immunosuppressive therapy indicated; limiting sleep or self-care ADL or severe impact on age-appropriate normal daily activity (pediatric),-,-,Leve ou localizado; intervenção tópica indicada,"Disseminado e intermitente; alterações cutâneas por coçadura (p. ex., edema, papulação, escoriações, liquenificação, exsudação/crostas); intervenção oral indicada; limitando AVD instrumental ou impacto leve/moderado na atividade diária normal apropriada para a idade (pediátrico)",Disseminado e constante; corticosteroide sistêmico ou terapia imunossupressora indicados; limitando o sono ou AVD de autocuidado ou impacto grave na atividade diária normal apropriada para a idade (pediátrico),-,-,A disorder characterized by an intense itching sensation.,Distúrbio caracterizado por sensação intensa de coceira.,-,-,"Clarification: Grade 2, 3","Esclarecimento: Grau 2, 3",ICI; anti-EGFR; TKIs EGFR
principal,13,CTCAE v6.0 (MedDRA 28.0),10029366,Neutrophil count decreased,Contagem de neutrófilos diminuída (neutropenia),Investigations,Investigações (exames),<1500 - 1000/mm3; <1.5 - 1.0 x 10^9/L,<1000 - 500/mm3; <1.0 - 0.5 x 10^9/L,<500 - 100/mm3; <0.5 - 0.1 x 10^9/L,<100/mm3; <0.1 x 10^9/L,-,<1500 - 1000/mm3; <1.5 - 1.0 x 10^9/L,<1000 - 500/mm3; <1.0 - 0.5 x 10^9/L,<500 - 100/mm3; <0.5 - 0.1 x 10^9/L,<100/mm3; <0.1 x 10^9/L,-,A finding based on laboratory test results that indicate a decrease in number of neutrophils (ANC) in a blood specimen.,Achado baseado em resultados laboratoriais que indicam diminuição do número de neutrófilos (CAN) em uma amostra de sangue.,-,-,"Clarification: Grade 1, 2, 3, 4, Definition","Esclarecimento: Grau 1, 2, 3, 4, Definição","Docetaxel, paclitaxel, antraciclinas, ciclofosfamida, irinotecano, topotecano, gencitabina, carboplatina; inibidores de CDK4/6 (palbociclibe, ribociclibe)"
principal,14,CTCAE v6.0 (MedDRA 28.0),10002272,Anemia,Anemia,Blood and lymphatic system disorders,Distúrbios do sangue e do sistema linfático,Hemoglobin (Hgb) <LLN - 10.0 g/dL; <LLN - 6.2 mmol/L; <LLN - 100 g/L,Hgb <10.0 - 8.0 g/dL; <6.2 - 4.9 mmol/L; <100 - 80 g/L,Hgb <8.0 g/dL; <4.9 mmol/L; <80 g/L; transfusion indicated,Life-threatening consequences; urgent intervention indicated,Death,Hemoglobina (Hb) <LIN - 10.0 g/dL; <LIN - 6.2 mmol/L; <LIN - 100 g/L,Hb <10.0 - 8.0 g/dL; <6.2 - 4.9 mmol/L; <100 - 80 g/L,Hb <8.0 g/dL; <4.9 mmol/L; <80 g/L; transfusão indicada,Consequências com risco à vida; intervenção urgente indicada,Óbito,"A disorder characterized by a reduction in the amount of hemoglobin in 100 ml of blood. Signs and symptoms of anemia may include pallor of the skin and mucous membranes, shortness of breath, palpitations of the heart, soft systolic murmurs, lethargy, and fatigability.","Distúrbio caracterizado por redução da quantidade de hemoglobina em 100 ml de sangue. Sinais e sintomas de anemia podem incluir palidez da pele e das mucosas, falta de ar, palpitações, sopros sistólicos suaves, letargia e fatigabilidade.",-,-,Clarification: Grade 2,Esclarecimento: Grau 2,"Platinas, gencitabina; iPARP (olaparibe, niraparibe); quimioterapia citotóxica em geral"
principal,15,CTCAE v6.0 (MedDRA 28.0),10043554,Thrombocytopenia,Trombocitopenia (plaquetopenia) [substitui 'Platelet count decreased' da v5.0],Blood and lymphatic system disorders,Distúrbios do sangue e do sistema linfático,"<LLN - 75,000/mm3; <LLN - 75.0 x 10^9/L","<75,000 - 50,000/mm3; <75.0 - 50.0 x 10^9/L","<50,000 - 10,000/mm3; <50.0 - 10.0 x 10^9/L; transfusion indicated","<10,000/mm3; <10.0 x 10^9/L; life-threatening consequences; urgent intervention indicated",Death,"<LIN - 75,000/mm3; <LIN - 75.0 x 10^9/L","<75,000 - 50,000/mm3; <75.0 - 50.0 x 10^9/L","<50,000 - 10,000/mm3; <50.0 - 10.0 x 10^9/L; transfusão indicada","<10,000/mm3; <10.0 x 10^9/L; consequências com risco à vida; intervenção urgente indicada",Óbito,A disorder characterized by a decrease in number of platelets in a blood specimen.,Distúrbio caracterizado por diminuição do número de plaquetas em uma amostra de sangue.,-,-,Addition: Term,Adição: Termo,"Carboplatina, gencitabina; niraparibe; trastuzumabe entansina; temozolomida"
principal,16,CTCAE v6.0 (MedDRA 28.0),10016288,Febrile neutropenia,Neutropenia febril,Blood and lymphatic system disorders,Distúrbios do sangue e do sistema linfático,-,-,ANC <1000/mm3 with a single temperature of >38.3 degrees C (101 degrees F) or a sustained temperature of >=38 degrees C (100.4 degrees F) for more than one hour,Life-threatening consequences; urgent intervention indicated,Death,-,-,CAN <1000/mm3 com temperatura única >38.3 graus C (101 graus F) ou temperatura sustentada >=38 graus C (100.4 graus F) por mais de uma hora,Consequências com risco à vida; intervenção urgente indicada,Óbito,A disorder characterized by an ANC <1000/mm3 and a single temperature of >38.3 degrees C (101 degrees F) or a sustained temperature of >=38 degrees C (100.4 degrees F) for more than one hour.,Distúrbio caracterizado por CAN <1000/mm3 e temperatura única >38.3 graus C (101 graus F) ou temperatura sustentada >=38 graus C (100.4 graus F) por mais de uma hora.,-,-,Clarification: Definition,Esclarecimento: Definição,"Docetaxel; esquemas com antraciclina + taxano (p. ex., TAC); FOLFIRINOX; topotecano"
principal,17,CTCAE v6.0 (MedDRA 28.0),10021028,Hypomagnesemia,Hipomagnesemia,Metabolism and nutrition disorders,Distúrbios do metabolismo e da nutrição,<LLN - 1.2 mg/dL; <LLN - 0.5 mmol/L,<1.2 - 0.9 mg/dL; <0.5 - 0.4 mmol/L,<0.9 - 0.7 mg/dL; <0.4 - 0.3 mmol/L,<0.7 mg/dL; <0.3 mmol/L; life-threatening consequences,Death,<LIN - 1.2 mg/dL; <LIN - 0.5 mmol/L,<1.2 - 0.9 mg/dL; <0.5 - 0.4 mmol/L,<0.9 - 0.7 mg/dL; <0.4 - 0.3 mmol/L,<0.7 mg/dL; <0.3 mmol/L; consequências com risco à vida,Óbito,A disorder characterized by laboratory test results that indicate a low concentration of magnesium in the blood.,Distúrbio caracterizado por resultados laboratoriais que indicam baixa concentração de magnésio no sangue.,-,-,No Change,Sem alteração,"Cetuximabe, panitumumabe; cisplatina"
principal,18,CTCAE v6.0 (MedDRA 28.0),10021018,Hypokalemia,Hipocalemia,Metabolism and nutrition disorders,Distúrbios do metabolismo e da nutrição,<LLN - 3.0 mmol/L,Symptomatic with <LLN - 3.0 mmol/L; intervention indicated,<3.0 - 2.5 mmol/L; hospitalization indicated,<2.5 mmol/L; life-threatening consequences,Death,<LIN - 3.0 mmol/L,Sintomático com <LIN - 3.0 mmol/L; intervenção indicada,<3.0 - 2.5 mmol/L; hospitalização indicada,<2.5 mmol/L; consequências com risco à vida,Óbito,A disorder characterized by laboratory test results that indicate a low concentration of potassium in the blood.,Distúrbio caracterizado por resultados laboratoriais que indicam baixa concentração de potássio no sangue.,-,-,No Change,Sem alteração,Cisplatina (perda tubular); diarreia por irinotecano/fluoropirimidinas; abiraterona (excesso mineralocorticoide)
principal,19,CTCAE v6.0 (MedDRA 28.0),10021038,Hyponatremia,Hiponatremia,Metabolism and nutrition disorders,Distúrbios do metabolismo e da nutrição,<LLN - 130 mmol/L,125 - <130 mmol/L and asymptomatic,125 - <130 mmol/L symptomatic; 120 - <125 mmol/L regardless of symptoms,<120 mmol/L; life-threatening consequences,Death,<LIN - 130 mmol/L,125 - <130 mmol/L e assintomático,125 - <130 mmol/L sintomático; 120 - <125 mmol/L independentemente dos sintomas,<120 mmol/L; consequências com risco à vida,Óbito,A disorder characterized by laboratory test results that indicate a low concentration of sodium in the blood.,Distúrbio caracterizado por resultados laboratoriais que indicam baixa concentração de sódio no sangue.,-,-,"Clarification: Grade 2, 3","Esclarecimento: Grau 2, 3",Cisplatina; ciclofosfamida e alcaloides da vinca (SIADH); ICI (insuficiência adrenal/hipofisite)
principal,20,CTCAE v6.0 (MedDRA 28.0),10011368,Creatinine increased,Creatinina aumentada,Investigations,Investigações (exames),>ULN - 1.5 x ULN,>1.5 - 3.0 x baseline if baseline is below LLN; >1.5 - 3.0 x ULN,>3.0 x baseline if baseline is below LLN; >3.0 - 6.0 x ULN,>6.0 x ULN,-,>LSN - 1.5 x LSN,>1.5 - 3.0 x o basal se o basal estiver abaixo do LIN; >1.5 - 3.0 x LSN,>3.0 x o basal se o basal estiver abaixo do LIN; >3.0 - 6.0 x LSN,>6.0 x LSN,-,A finding based on laboratory test results that indicate increased levels of creatinine in a biological specimen.,Achado baseado em resultados laboratoriais que indicam níveis aumentados de creatinina em uma amostra biológica.,"Consider Renal and urinary disorders: Acute kidney injury, Glomerulonephritis, Tubulointerstitial nephritis.","Considerar Distúrbios renais e urinários: Lesão renal aguda, Glomerulonefrite, Nefrite tubulointersticial.","Clarification: Grade 2, 3, Navigational Note","Esclarecimento: Grau 2, 3, Nota de navegação","Cisplatina, pemetrexede, ifosfamida, metotrexato em alta dose; ICI (nefrite); ácido zoledrônico"
principal,21,CTCAE v6.0 (MedDRA 28.0),10001551,Alanine aminotransferase increased,Alanina aminotransferase (ALT/TGP) aumentada,Investigations,Investigações (exames),>ULN - 3.0 x ULN if baseline was normal or less than normal; 1.0 - 1.5 x baseline if baseline was >ULN,>3.0 - 5.0 x ULN if baseline was normal or less than normal; >1.5 - 2.0 x baseline if baseline was >ULN,>5.0 - 20.0 x ULN if baseline was normal or less than normal; >2.0 - 4.0 x baseline if baseline was >ULN up to 5 x ULN,>20.0 x ULN if baseline was normal or less than normal; >4.0 x baseline if baseline was >ULN,-,>LSN - 3.0 x LSN se o basal era normal ou abaixo do normal; 1.0 - 1.5 x o basal se o basal era >LSN,>3.0 - 5.0 x LSN se o basal era normal ou abaixo do normal; >1.5 - 2.0 x o basal se o basal era >LSN,">5.0 - 20.0 x LSN se o basal era normal ou abaixo do normal; >2.0 - 4.0 x o basal se o basal era >LSN, até 5 x LSN",>20.0 x LSN se o basal era normal ou abaixo do normal; >4.0 x o basal se o basal era >LSN,-,A finding based on laboratory test results that indicate an increase in the level of alanine aminotransferase (ALT or SGPT) in the blood specimen.,Achado baseado em resultados laboratoriais que indicam aumento do nível de alanina aminotransferase (ALT ou TGP) na amostra de sangue.,"Consider Hepatobiliary disorders: Hepatic failure. Report Autoimmune hepatitis under Hepatobiliary disorders: Other, specify.","Considerar Distúrbios hepatobiliares: Insuficiência hepática. Notificar hepatite autoimune em Distúrbios hepatobiliares: Outro, especificar.","Clarification: Grade 1, 2, 3, 4, Navigational Note","Esclarecimento: Grau 1, 2, 3, 4, Nota de navegação","ICI (hepatite imunomediada); pazopanibe, lapatinibe, regorafenibe; trastuzumabe entansina"
principal,22,CTCAE v6.0 (MedDRA 28.0),10003481,Aspartate aminotransferase increased,Aspartato aminotransferase (AST/TGO) aumentada,Investigations,Investigações (exames),>ULN - 3.0 x ULN if baseline was normal or less than normal; 1.0 - 1.5 x baseline if baseline was >ULN,>3.0 - 5.0 x ULN if baseline was normal or less than normal; >1.5 - 2.0 x baseline if baseline was >ULN,>5.0 - 20.0 x ULN if baseline was normal or less than normal; >2.0 - 4.0 x baseline if baseline was >ULN up to 5 x ULN,>20.0 x ULN if baseline was normal or less than normal; >4.0 x baseline if baseline was >ULN,-,>LSN - 3.0 x LSN se o basal era normal ou abaixo do normal; 1.0 - 1.5 x o basal se o basal era >LSN,>3.0 - 5.0 x LSN se o basal era normal ou abaixo do normal; >1.5 - 2.0 x o basal se o basal era >LSN,">5.0 - 20.0 x LSN se o basal era normal ou abaixo do normal; >2.0 - 4.0 x o basal se o basal era >LSN, até 5 x LSN",>20.0 x LSN se o basal era normal ou abaixo do normal; >4.0 x o basal se o basal era >LSN,-,A finding based on laboratory test results that indicate an increase in the level of aspartate aminotransferase (AST or SGOT) in a blood specimen.,Achado baseado em resultados laboratoriais que indicam aumento do nível de aspartato aminotransferase (AST ou TGO) em uma amostra de sangue.,"Consider Hepatobiliary disorders: Hepatic failure. Report Autoimmune hepatitis under Hepatobiliary disorders: Other, specify.","Considerar Distúrbios hepatobiliares: Insuficiência hepática. Notificar hepatite autoimune em Distúrbios hepatobiliares: Outro, especificar.","Clarification: Grade 1, 2, 3, 4, Navigational Note","Esclarecimento: Grau 1, 2, 3, 4, Nota de navegação","ICI (hepatite imunomediada); pazopanibe, lapatinibe, regorafenibe; trastuzumabe entansina"
principal,23,CTCAE v6.0 (MedDRA 28.0),10005364,Blood bilirubin increased,Bilirrubina sanguínea aumentada,Investigations,Investigações (exames),>ULN - 1.5 x ULN if baseline was normal or less than normal; 1.0 - 1.5 x baseline if baseline was >ULN,>1.5 - 3.0 x ULN if baseline was normal or less than normal; >1.5 - 2.5 x baseline if baseline was >ULN,>3.0 - 10.0 x ULN if baseline was normal or less than normal; >2.5 - 10.0 x baseline if baseline was >ULN,>10.0 x ULN if baseline was normal or less than normal; >10.0 x baseline if baseline was >ULN,-,>LSN - 1.5 x LSN se o basal era normal ou abaixo do normal; 1.0 - 1.5 x o basal se o basal era >LSN,>1.5 - 3.0 x LSN se o basal era normal ou abaixo do normal; >1.5 - 2.5 x o basal se o basal era >LSN,>3.0 - 10.0 x LSN se o basal era normal ou abaixo do normal; >2.5 - 10.0 x o basal se o basal era >LSN,>10.0 x LSN se o basal era normal ou abaixo do normal; >10.0 x o basal se o basal era >LSN,-,A finding based on laboratory test results that indicate an abnormally high level of total bilirubin in the blood. Excess bilirubin is associated with jaundice.,Achado baseado em resultados laboratoriais que indicam nível anormalmente elevado de bilirrubina total no sangue. O excesso de bilirrubina está associado a icterícia.,"Consider Hepatobiliary disorders: Hepatic failure. Report Autoimmune hepatitis under Hepatobiliary disorders: Other, specify.","Considerar Distúrbios hepatobiliares: Insuficiência hepática. Notificar hepatite autoimune em Distúrbios hepatobiliares: Outro, especificar.","Clarification: Grade 1, 2, 3, 4, Definition, Navigational Note","Esclarecimento: Grau 1, 2, 3, 4, Definição, Nota de navegação","Pazopanibe, regorafenibe; ICI (hepatite imunomediada)"
principal,24,CTCAE v6.0 (MedDRA 28.0),10020772,Hypertension,Hipertensão arterial,Vascular disorders,Distúrbios vasculares,-,"Adult: Systolic BP 140 - 159 mmHg or diastolic BP 90 - 99 mmHg; recurrent or persistent; 
Pediatric and adolescent: Recurrent or persistent (>=24 hrs) BP >ULN; monotherapy indicated; systolic and /or diastolic BP between the 95th percentile and 5 mmHg above the 99th percentile; 
Adolescent: Systolic between 130 - 139 or diastolic between 80 - 89 even if <95th percentile","Adult: Systolic BP 160 - 179 mmHg or diastolic BP 100 - 109 mmHg persisting over 1 hour; SBP >140 and plus either increase in SBP >20 mmHg or increase MAP >15 mmHg from baseline; 
Pediatric and adolescent: Systolic and/or diastolic >5 mmHg above the 99th percentile","Adult and Pediatric: SBP≥180 or DBP ≥110 mmHg persisting over 1 hour; BP associated with acute hypertension mediated organ damage; life-threatening consequences (e.g., malignant hypertension, transient or permanent neurologic deficit, hypertensive crisis); urgent intervention indicated",Death,-,Adulto: PA sistólica 140 - 159 mmHg ou PA diastólica 90 - 99 mmHg; recorrente ou persistente; Pediátrico e adolescente: PA >LSN recorrente ou persistente (>=24 h); monoterapia indicada; PA sistólica e/ou diastólica entre o percentil 95 e 5 mmHg acima do percentil 99; Adolescente: sistólica entre 130 - 139 ou diastólica entre 80 - 89 mesmo se <percentil 95,Adulto: PA sistólica 160 - 179 mmHg ou PA diastólica 100 - 109 mmHg persistindo por mais de 1 hora; PAS >140 e mais aumento da PAS >20 mmHg ou aumento da PAM >15 mmHg em relação ao basal; Pediátrico e adolescente: sistólica e/ou diastólica >5 mmHg acima do percentil 99,"Adulto e pediátrico: PAS >=180 ou PAD >=110 mmHg persistindo por mais de 1 hora; PA associada a lesão aguda de órgão-alvo mediada por hipertensão; consequências com risco à vida (p. ex., hipertensão maligna, déficit neurológico transitório ou permanente, crise hipertensiva); intervenção urgente indicada",Óbito,A disorder characterized by a pathological increase in blood pressure.,Distúrbio caracterizado por aumento patológico da pressão arterial.,-,-,"Clarification: Grade 2, 3, 4; Deletion: Grade 1","Esclarecimento: Grau 2, 3, 4; Exclusão: Grau 1","Bevacizumabe, ramucirumabe; TKIs anti-VEGFR (sunitinibe, pazopanibe, sorafenibe, regorafenibe, cabozantinibe, lenvatinibe, axitinibe); abiraterona"
principal,25,CTCAE v6.0 (MedDRA 28.0),10066899,Venous thromboembolism,Tromboembolismo venoso [substitui 'Thromboembolic event' da v5.0],Vascular disorders,Distúrbios vasculares,"Medical intervention not indicated (e.g., superficial thrombosis)",Medical intervention indicated,Urgent medical intervention indicated,Life-threatening consequences with hemodynamic or neurologic instability,Death,"Intervenção médica não indicada (p. ex., trombose superficial)",Intervenção médica indicada,Intervenção médica urgente indicada,Consequências com risco à vida com instabilidade hemodinâmica ou neurológica,Óbito,"A disorder characterized by occlusion of a vessel by a thrombus that has migrated from a distal site via the blood stream (for example, deep vein thrombosis (DVT), pulmonary embolism (PE), etc.).","Distúrbio caracterizado por oclusão de um vaso por um trombo que migrou de um local distal através da corrente sanguínea (por exemplo, trombose venosa profunda (TVP), embolia pulmonar (EP) etc.).","Consider Nervous system disorders: Stroke, Transient ischemic attacks for CNS-related events. Use Vascular disorders: Arterial thromboembolism for arterial thrombi. Use Injury, poisoning and procedural complications: Vascular access complication if related to a catheter.","Considerar Distúrbios do sistema nervoso: AVC, Ataques isquêmicos transitórios para eventos relacionados ao SNC. Usar Distúrbios vasculares: Tromboembolismo arterial para trombos arteriais. Usar Lesões, intoxicações e complicações de procedimentos: Complicação de acesso vascular se relacionado a cateter.",Addition: Term,Adição: Termo,Cisplatina; tamoxifeno; bevacizumabe; (risco basal elevado pelo próprio câncer)
principal,26,CTCAE v6.0 (MedDRA 28.0),10049694,Left ventricular dysfunction,Disfunção ventricular esquerda [absorve 'Ejection fraction decreased' da v5.0],Cardiac disorders,Distúrbios cardíacos,"Left ventricular ejection fraction (LVEF) ≥50% AND one or more of the following:
1) New relative decline in Global Longitudinal Strain (GLS) >15% from baseline
2) New rise in cardiac biomarkers","LVEF 40 - 49% AND one or more of the following:
1) LVEF reduction by ≥10%
2) New relative decline in GLS >15% from baseline
3) New rise in cardiac biomarkers",New LVEF reduction to <40%,-,-,Fração de ejeção do ventrículo esquerdo (FEVE) >=50% E um ou mais dos seguintes: 1) Nova queda relativa do strain longitudinal global (SLG/GLS) >15% em relação ao basal; 2) Nova elevação de biomarcadores cardíacos,FEVE 40 - 49% E um ou mais dos seguintes: 1) Redução da FEVE >=10%; 2) Nova queda relativa do SLG >15% em relação ao basal; 3) Nova elevação de biomarcadores cardíacos,Nova redução da FEVE para <40%,-,-,A disorder characterized by an ASYMPTOMATIC abnormality of cardiac function.,Distúrbio caracterizado por anormalidade ASSINTOMÁTICA da função cardíaca.,"If symptomatic, consider Cardiac disorders: Heart failure.","Se sintomático, considerar Distúrbios cardíacos: Insuficiência cardíaca.",Addition: Term,Adição: Termo,"Antraciclinas (doxorrubicina, epirrubicina); trastuzumabe, pertuzumabe, trastuzumabe entansina, trastuzumabe deruxtecana"
principal,27,CTCAE v6.0 (MedDRA 28.0),10014383,Electrocardiogram QT corrected interval prolonged,Intervalo QT corrigido prolongado no eletrocardiograma,Investigations,Investigações (exames),Average QTc 450 - 480 ms,Average QTc 481 - 500 ms,Average QTc >500 ms; >60 ms change from baseline,Life-threatening consequences; Torsade de pointes; polymorphic ventricular tachycardia,-,QTc médio 450 - 480 ms,QTc médio 481 - 500 ms,QTc médio >500 ms; alteração >60 ms em relação ao basal,Consequências com risco à vida; torsade de pointes; taquicardia ventricular polimórfica,-,A finding of a cardiac dysrhythmia characterized by an abnormally long corrected QT interval.,Achado de disritmia cardíaca caracterizada por intervalo QT corrigido anormalmente longo.,"Consider Cardiac disorders: Ventricular arrhythmia, Ventricular fibrillation, Ventricular tachycardia.","Considerar Distúrbios cardíacos: Arritmia ventricular, Fibrilação ventricular, Taquicardia ventricular.","Addition: Navigational Note; Clarification: Grade 3, 4","Adição: Nota de navegação; Esclarecimento: Grau 3, 4","Ribociclibe, vandetanibe, osimertinibe, pazopanibe, sunitinibe, lapatinibe; suporte: antagonistas 5-HT3 (ondansetrona)"
principal,28,CTCAE v6.0 (MedDRA 28.0),10035742,Pneumonitis,Pneumonite,"Respiratory, thoracic and mediastinal disorders","Distúrbios respiratórios, torácicos e do mediastino",Asymptomatic; clinical or diagnostic observations only; intervention not indicated,Symptomatic; medical intervention indicated; limiting instrumental ADL or mild/moderate impact on age-appropriate normal daily activity (pediatric),Severe symptoms; oxygen indicated; limiting self-care ADL or severe impact on age-appropriate normal daily activity (pediatric),"Life-threatening respiratory compromise; urgent intervention indicated (e.g., tracheotomy or intubation)",Death,Assintomático; apenas observações clínicas ou diagnósticas; intervenção não indicada,Sintomático; intervenção médica indicada; limitando AVD instrumental ou impacto leve/moderado na atividade diária normal apropriada para a idade (pediátrico),Sintomas graves; oxigênio indicado; limitando AVD de autocuidado ou impacto grave na atividade diária normal apropriada para a idade (pediátrico),"Comprometimento respiratório com risco à vida; intervenção urgente indicada (p. ex., traqueostomia ou intubação)",Óbito,A disorder characterized by inflammation focally or diffusely affecting the lung parenchyma.,Distúrbio caracterizado por inflamação que afeta focal ou difusamente o parênquima pulmonar.,-,-,"Clarification: Grade 2, 3","Esclarecimento: Grau 2, 3",ICI; trastuzumabe deruxtecana (DPI/pneumonite); TKIs EGFR (osimertinibe etc.); everolimo; gencitabina; bleomicina
principal,29,CTCAE v6.0 (MedDRA 28.0),10009887,Colitis,Colite,Gastrointestinal disorders,Distúrbios gastrointestinais,Asymptomatic; clinical or diagnostic observations only; intervention not indicated,Abdominal pain; mucus or blood in stool,Severe abdominal pain; peritoneal signs,Life-threatening consequences; urgent intervention indicated,Death,Assintomático; apenas observações clínicas ou diagnósticas; intervenção não indicada,Dor abdominal; muco ou sangue nas fezes,Dor abdominal intensa; sinais peritoneais,Consequências com risco à vida; intervenção urgente indicada,Óbito,A disorder characterized by inflammation of the colon.,Distúrbio caracterizado por inflamação do cólon.,-,-,No Change,Sem alteração,ICI (anti-CTLA-4 > anti-PD-1/PD-L1)
principal,30,CTCAE v6.0 (MedDRA 28.0),10021114,Hypothyroidism,Hipotireoidismo,Endocrine disorders,Distúrbios endócrinos,Asymptomatic; clinical or diagnostic observations only; intervention not indicated,Symptomatic; thyroid replacement initiated; increase in current thyroid replacement therapy; limiting instrumental ADL or mild/moderate impact on age-appropriate normal daily activity (pediatric),Severe symptoms; hospitalization indicated; limiting self-care ADL or severe impact on age-appropriate normal daily activity (pediatric),Life-threatening consequences; urgent intervention indicated,Death,Assintomático; apenas observações clínicas ou diagnósticas; intervenção não indicada,Sintomático; reposição de hormônio tireoidiano iniciada; aumento da terapia de reposição tireoidiana em curso; limitando AVD instrumental ou impacto leve/moderado na atividade diária normal apropriada para a idade (pediátrico),Sintomas graves; hospitalização indicada; limitando AVD de autocuidado ou impacto grave na atividade diária normal apropriada para a idade (pediátrico),Consequências com risco à vida; intervenção urgente indicada,Óbito,A disorder characterized by a decrease in production of thyroid hormone by the thyroid gland.,Distúrbio caracterizado por diminuição da produção de hormônio tireoidiano pela glândula tireoide.,Consider Endocrine disorders: Hypophysitis.,Considerar Distúrbios endócrinos: Hipofisite.,"Addition: Navigational Note; Clarification: Grade 2, 3","Adição: Nota de navegação; Esclarecimento: Grau 2, 3","ICI; TKIs anti-VEGFR (sunitinibe, lenvatinibe, cabozantinibe, axitinibe)"
principal,31,CTCAE v6.0 (MedDRA 28.0),10020850,Hyperthyroidism,Hipertireoidismo,Endocrine disorders,Distúrbios endócrinos,Asymptomatic; clinical or diagnostic observations only; intervention not indicated,Symptomatic; thyroid suppression therapy indicated; limiting instrumental ADL or mild/moderate impact on age-appropriate normal daily activity (pediatric),Severe symptoms; hospitalization indicated; limiting self-care ADL or severe impact on age-appropriate normal daily activity (pediatric),Life-threatening consequences; urgent intervention indicated,Death,Assintomático; apenas observações clínicas ou diagnósticas; intervenção não indicada,Sintomático; terapia supressora da tireoide indicada; limitando AVD instrumental ou impacto leve/moderado na atividade diária normal apropriada para a idade (pediátrico),Sintomas graves; hospitalização indicada; limitando AVD de autocuidado ou impacto grave na atividade diária normal apropriada para a idade (pediátrico),Consequências com risco à vida; intervenção urgente indicada,Óbito,A disorder characterized by excessive levels of thyroid hormone in the body. Common causes include an overactive thyroid gland or thyroid hormone overdose.,Distúrbio caracterizado por níveis excessivos de hormônio tireoidiano no organismo. Causas comuns incluem glândula tireoide hiperativa ou superdosagem de hormônio tireoidiano.,-,-,"Clarification: Grade 2, 3","Esclarecimento: Grau 2, 3",ICI (fase tireotóxica de tireoidite)
principal,32,CTCAE v6.0 (MedDRA 28.0),10001367,Adrenal insufficiency,Insuficiência adrenal,Endocrine disorders,Distúrbios endócrinos,Asymptomatic; clinical or diagnostic observations only; intervention not indicated,Moderate symptoms; medical intervention indicated,Severe symptoms; hospitalization indicated,Life-threatening consequences; urgent intervention indicated,Death,Assintomático; apenas observações clínicas ou diagnósticas; intervenção não indicada,Sintomas moderados; intervenção médica indicada,Sintomas graves; hospitalização indicada,Consequências com risco à vida; intervenção urgente indicada,Óbito,"A disorder characterized by the adrenal cortex not producing enough of the hormone cortisol and in some cases, the hormone aldosterone. It may be due to a disorder of the adrenal cortex as in Addison's disease or primary adrenal insufficiency.","Distúrbio caracterizado pela produção insuficiente do hormônio cortisol e, em alguns casos, do hormônio aldosterona pelo córtex adrenal. Pode ser decorrente de um distúrbio do córtex adrenal, como na doença de Addison ou insuficiência adrenal primária.",-,-,No Change,Sem alteração,ICI; suspensão abrupta de corticoterapia prolongada
principal,33,CTCAE v6.0 (MedDRA 28.0),10062767,Hypophysitis,Hipofisite,Endocrine disorders,Distúrbios endócrinos,Asymptomatic or mild symptoms; clinical or diagnostic observations only; intervention not indicated,"Moderate; minimal, local or noninvasive intervention indicated; limiting instrumental ADL or mild/moderate impact on age-appropriate normal daily activity (pediatric)",Severe or medically significant but not immediately life-threatening; hospitalization or prolongation of existing hospitalization indicated; limiting self-care ADL or severe impact on age-appropriate normal daily activity (pediatric),Life-threatening consequences; urgent intervention indicated,Death,Assintomático ou sintomas leves; apenas observações clínicas ou diagnósticas; intervenção não indicada,"Moderado; intervenção mínima, local ou não invasiva indicada; limitando AVD instrumental ou impacto leve/moderado na atividade diária normal apropriada para a idade (pediátrico)","Grave ou clinicamente significativo, mas sem risco imediato à vida; hospitalização ou prolongamento de hospitalização existente indicado; limitando AVD de autocuidado ou impacto grave na atividade diária normal apropriada para a idade (pediátrico)",Consequências com risco à vida; intervenção urgente indicada,Óbito,A disorder characterized by inflammation and cellular infiltration of the pituitary gland.,Distúrbio caracterizado por inflamação e infiltração celular da hipófise.,-,-,"Clarification: Grade 2, 3","Esclarecimento: Grau 2, 3",Ipilimumabe (anti-CTLA-4) > anti-PD-1/PD-L1
principal,34,CTCAE v6.0 (MedDRA 28.0),10020639,Hyperglycemia,Hiperglicemia,Metabolism and nutrition disorders,Distúrbios do metabolismo e da nutrição,Fasting glucose value >ULN - 160 mg/dL; Fasting glucose value >ULN - 8.9 mmol/L,Fasting glucose value >160 - 250 mg/dL; Fasting glucose value >8.9 - 13.9 mmol/L,>250 - 500 mg/dL; >13.9 - 27.8 mmol/L; hospitalization indicated,>500 mg/dL; >27.8 mmol/L; life-threatening consequences,-,Glicemia de jejum >LSN - 160 mg/dL; glicemia de jejum >LSN - 8.9 mmol/L,Glicemia de jejum >160 - 250 mg/dL; glicemia de jejum >8.9 - 13.9 mmol/L,>250 - 500 mg/dL; >13.9 - 27.8 mmol/L; hospitalização indicada,>500 mg/dL; >27.8 mmol/L; consequências com risco à vida,-,"A condition characterized by laboratory test results that indicate a confirmed, short lasting and unexpected elevation in the concentration of blood sugar (glycemia).","Condição caracterizada por resultados laboratoriais que indicam elevação confirmada, de curta duração e inesperada da concentração de açúcar no sangue (glicemia).",Consider Metabolism and nutrition disorders: Diabetes mellitus.,Considerar Distúrbios do metabolismo e da nutrição: Diabetes mellitus.,"Addition: Navigational Note; Deletion: Grade 5; Clarification: Grade 1, 2, 3, 4, Definition","Adição: Nota de navegação; Exclusão: Grau 5; Esclarecimento: Grau 1, 2, 3, 4, Definição","Corticosteroides; alpelisibe, capivasertibe; everolimo; ICI (diabetes autoimune — ver 'Diabetes mellitus')"
principal,35,CTCAE v6.0 (MedDRA 28.0),10003239,Arthralgia,Artralgia,Musculoskeletal and connective tissue disorders,Distúrbios musculoesqueléticos e do tecido conjuntivo,Mild pain,Moderate pain; limiting instrumental ADL or mild/moderate impact on age-appropriate normal daily activity (pediatric),Severe pain; limiting self-care ADL or severe impact on age-appropriate normal daily activity (pediatric),-,-,Dor leve,Dor moderada; limitando AVD instrumental ou impacto leve/moderado na atividade diária normal apropriada para a idade (pediátrico),Dor intensa; limitando AVD de autocuidado ou impacto grave na atividade diária normal apropriada para a idade (pediátrico),-,-,A disorder characterized by a sensation of marked discomfort in a joint.,Distúrbio caracterizado por sensação de desconforto acentuado em uma articulação.,"Report Inflammatory arthritis as Musculoskeletal and connective tissue disorder - Other, specify (Inflammatory arthritis).","Notificar artrite inflamatória como Distúrbio musculoesquelético e do tecido conjuntivo - Outro, especificar (Artrite inflamatória).","Addition: Navigational Note; Clarification: Grade 2, 3","Adição: Nota de navegação; Esclarecimento: Grau 2, 3",Inibidores de aromatase; taxanos; ICI; G-CSF (suporte)
principal,36,CTCAE v6.0 (MedDRA 28.0),10028411,Myalgia,Mialgia,Musculoskeletal and connective tissue disorders,Distúrbios musculoesqueléticos e do tecido conjuntivo,Mild pain,Moderate pain; limiting instrumental ADL or mild/moderate impact on age-appropriate normal daily activity (pediatric),Severe pain; limiting self-care ADL or severe impact on age-appropriate normal daily activity (pediatric),-,-,Dor leve,Dor moderada; limitando AVD instrumental ou impacto leve/moderado na atividade diária normal apropriada para a idade (pediátrico),Dor intensa; limitando AVD de autocuidado ou impacto grave na atividade diária normal apropriada para a idade (pediátrico),-,-,A disorder characterized by marked discomfort sensation originating from a muscle or group of muscles.,Distúrbio caracterizado por sensação de desconforto acentuado originada de um músculo ou grupo de músculos.,Record final diagnosis/cause once determined.,Registrar o diagnóstico/causa final quando determinado.,"Addition: Navigational Note; Clarification: Grade 2, 3","Adição: Nota de navegação; Esclarecimento: Grau 2, 3",Paclitaxel/taxanos; ICI (considerar miosite); G-CSF (suporte)
principal,37,CTCAE v6.0 (MedDRA 28.0),10043882,Tinnitus,Zumbido,Ear and labyrinth disorders,Distúrbios do ouvido e do labirinto,Mild symptoms; intervention not indicated,Moderate symptoms; limiting instrumental ADL or mild/moderate impact on age-appropriate normal daily activity (pediatric),Severe symptoms; limiting self-care ADL or severe impact on age-appropriate normal daily activity (pediatric),-,-,Sintomas leves; intervenção não indicada,Sintomas moderados; limitando AVD instrumental ou impacto leve/moderado na atividade diária normal apropriada para a idade (pediátrico),Sintomas graves; limitando AVD de autocuidado ou impacto grave na atividade diária normal apropriada para a idade (pediátrico),-,-,"A disorder characterized by noise in the ears, such as ringing, buzzing, roaring or clicking.","Distúrbio caracterizado por ruído nos ouvidos, como zumbido, chiado, rugido ou estalido.",-,-,"Clarification: Grade 2, 3","Esclarecimento: Grau 2, 3",Cisplatina
principal,38,CTCAE v6.0 (MedDRA 28.0),10019245,Hearing impaired,Perda auditiva (audição comprometida),Ear and labyrinth disorders,Distúrbios do ouvido e do labirinto,"Adult: Subjective change in hearing in the absence of documented hearing loss; threshold shift of 15 - 25 dB averaged at 2 contiguous test frequencies in at least one ear (on a 1, 2, 4, 3, 6, and 8 kHz audiogram); 
Pediatric (on a 1, 2, 3, 4, 6, and 8 kHz audiogram): Threshold shift >20 dB hearing loss (HL) (i.e., 25 dB HL or greater); sensorineural hearing loss (SNHL) above 4 kHz (i.e., 6 or 8 kHz) in at least one ear","Adult: Hearing loss not requiring hearing aid; intervention not indicated; limiting instrumental ADL; threshold shift of >25 dB averaged at 2 contiguous test frequencies in at least one ear (on a 1, 2, 3, 4, 6, and 8 kHz audiogram); 
Pediatric (on a 1, 2, 3, 4, 6, and 8 kHz audiogram): Threshold shift >20 dB at 4 kHz in at least one ear; mild/moderate impact on age-appropriate normal daily activity","Adult: Hearing loss requiring hearing aid; intervention indicated; limiting self-care ADL; threshold shift of >25 dB averaged at 3 contiguous test frequencies in at least one ear(on a 1, 2, 3, 4, 6, and 8 kHz audiogram); 
Pediatric (on a 1, 2, 3, 4, 6, and 8 kHz audiogram): Hearing loss sufficient to indicate therapeutic intervention, including hearing aids; threshold shift >20 dB at 2 to <4 kHz in at least one ear; severe impact on age-appropriate normal daily activity","Adult: Nonservicable hearing; decrease in hearing to profound bilateral loss (absolute threshold >80 dB HL at 2 kHz and above); 
Pediatric: Audiologic indication for cochlear implant; >40 dB HL (i.e., 45 dB HL or more); SNHL at 2 kHz and above",-,"Adulto: alteração subjetiva da audição na ausência de perda auditiva documentada; mudança de limiar de 15 - 25 dB na média de 2 frequências de teste contíguas em pelo menos uma orelha (em audiograma de 1, 2, 4, 3, 6 e 8 kHz [ordem conforme o original]); Pediátrico (em audiograma de 1, 2, 3, 4, 6 e 8 kHz): mudança de limiar >20 dB de perda auditiva (HL) (i.e., 25 dB HL ou mais); perda auditiva neurossensorial (PANS) acima de 4 kHz (i.e., 6 ou 8 kHz) em pelo menos uma orelha","Adulto: perda auditiva que não requer aparelho auditivo; intervenção não indicada; limitando AVD instrumental; mudança de limiar >25 dB na média de 2 frequências de teste contíguas em pelo menos uma orelha (em audiograma de 1, 2, 3, 4, 6 e 8 kHz); Pediátrico (em audiograma de 1, 2, 3, 4, 6 e 8 kHz): mudança de limiar >20 dB em 4 kHz em pelo menos uma orelha; impacto leve/moderado na atividade diária normal apropriada para a idade","Adulto: perda auditiva que requer aparelho auditivo; intervenção indicada; limitando AVD de autocuidado; mudança de limiar >25 dB na média de 3 frequências de teste contíguas em pelo menos uma orelha (em audiograma de 1, 2, 3, 4, 6 e 8 kHz); Pediátrico (em audiograma de 1, 2, 3, 4, 6 e 8 kHz): perda auditiva suficiente para indicar intervenção terapêutica, incluindo aparelhos auditivos; mudança de limiar >20 dB de 2 a <4 kHz em pelo menos uma orelha; impacto grave na atividade diária normal apropriada para a idade","Adulto: audição não funcional (nonserviceable); diminuição da audição até perda bilateral profunda (limiar absoluto >80 dB HL em 2 kHz e acima); Pediátrico: indicação audiológica de implante coclear; >40 dB HL (i.e., 45 dB HL ou mais); PANS em 2 kHz e acima",-,A disorder characterized by partial or complete loss of the ability to detect or understand sounds resulting from damage to ear structures.,"Distúrbio caracterizado por perda parcial ou completa da capacidade de detectar ou compreender sons, resultante de dano às estruturas da orelha.",-,-,"Clarification: Grade 1, 2, 3, 4","Esclarecimento: Grau 1, 2, 3, 4",Cisplatina (dose-cumulativa); carboplatina em menor grau
principal,39,CTCAE v6.0 (MedDRA 28.0),10013911,Dysgeusia,Disgeusia,Nervous system disorders,Distúrbios do sistema nervoso,Altered taste but no change in diet,"Altered taste with change in diet (e.g., oral supplements); noxious or unpleasant taste; loss of taste",-,-,-,"Paladar alterado, mas sem mudança na dieta","Paladar alterado com mudança na dieta (p. ex., suplementos orais); gosto nocivo ou desagradável; perda do paladar",-,-,-,A disorder characterized by abnormal sensual experience with the taste of foodstuffs; it can be related to a decrease in the sense of smell.,Distúrbio caracterizado por experiência sensorial anormal com o sabor dos alimentos; pode estar relacionada a diminuição do olfato.,-,-,No Change,Sem alteração,"Quimioterapia citotóxica (platinas, taxanos); TKIs (sunitinibe, cabozantinibe); inibidores de Hedgehog (vismodegibe)"
principal,40,CTCAE v6.0 (MedDRA 28.0),10015090,Epistaxis,Epistaxe,"Respiratory, thoracic and mediastinal disorders","Distúrbios respiratórios, torácicos e do mediastino",Mild symptoms; intervention not indicated,"Moderate symptoms; medical intervention indicated (e.g., nasal packing, cauterization; topical vasoconstrictors)","Transfusion; invasive intervention indicated (e.g., hemostasis of bleeding site)",Life-threatening consequences; urgent intervention indicated,Death,Sintomas leves; intervenção não indicada,"Sintomas moderados; intervenção médica indicada (p. ex., tamponamento nasal, cauterização; vasoconstritores tópicos)","Transfusão; intervenção invasiva indicada (p. ex., hemostasia do local de sangramento)",Consequências com risco à vida; intervenção urgente indicada,Óbito,A disorder characterized by bleeding from the nose.,Distúrbio caracterizado por sangramento nasal.,-,-,No Change,Sem alteração,"Bevacizumabe, ramucirumabe, TKIs anti-VEGFR; plaquetopenia"
principal,41,CTCAE v6.0 (MedDRA 28.0),10051792,Infusion related reaction,Reação relacionada à infusão,"Injury, poisoning and procedural complications","Lesões, intoxicações e complicações de procedimentos",Mild transient reaction; infusion interruption not indicated; intervention not indicated,"Therapy or infusion interruption indicated but responds promptly to symptomatic treatment (e.g., antihistamines, NSAIDS, narcotics, IV fluids); prophylactic medications indicated for <=24 hrs","Prolonged (e.g., not rapidly responsive to symptomatic medication and/or brief interruption of infusion); recurrence of symptoms following initial improvement; hospitalization indicated for clinical sequelae",Life-threatening consequences; urgent intervention indicated,Death,Reação transitória leve; interrupção da infusão não indicada; intervenção não indicada,"Interrupção da terapia ou da infusão indicada, mas com resposta rápida ao tratamento sintomático (p. ex., anti-histamínicos, AINEs, narcóticos, fluidos IV); medicações profiláticas indicadas por <=24 h","Prolongada (p. ex., sem resposta rápida à medicação sintomática e/ou à breve interrupção da infusão); recorrência dos sintomas após melhora inicial; hospitalização indicada para sequelas clínicas",Consequências com risco à vida; intervenção urgente indicada,Óbito,A disorder characterized by adverse reaction to the infusion of pharmacological or biological substances.,Distúrbio caracterizado por reação adversa à infusão de substâncias farmacológicas ou biológicas.,"If the reaction is an allergic reaction related to an agent, consider reporting as Immune system disorders: Allergic reaction. Do not report both.","Se a reação for uma reação alérgica relacionada a um agente, considerar notificar como Distúrbios do sistema imune: Reação alérgica. Não notificar ambos.",Addition: Navigational Note,Adição: Nota de navegação,"Paclitaxel, docetaxel; oxaliplatina; cetuximabe; trastuzumabe; amivantamabe"
principal,42,CTCAE v6.0 (MedDRA 28.0),10001718,Allergic reaction,Reação alérgica (hipersensibilidade),Immune system disorders,Distúrbios do sistema imune,Systemic intervention not indicated,Oral intervention indicated,Bronchospasm; hospitalization indicated for clinical sequelae; IV intervention indicated,Life-threatening consequences; urgent intervention indicated,Death,Intervenção sistêmica não indicada,Intervenção oral indicada,Broncoespasmo; hospitalização indicada para sequelas clínicas; intervenção IV indicada,Consequências com risco à vida; intervenção urgente indicada,Óbito,A disorder characterized by an adverse general response from exposure to an allergen.,Distúrbio caracterizado por resposta geral adversa decorrente da exposição a um alérgeno.,"If related to infusion, consider Injury, poisoning and procedural complications: Infusion related reaction. If related to immunization, consider Injury, poisoning and procedural complications: Systemic post-immunization reaction. Do not report both.","Se relacionada à infusão, considerar Lesões, intoxicações e complicações de procedimentos: Reação relacionada à infusão. Se relacionada a imunização, considerar Lesões, intoxicações e complicações de procedimentos: Reação sistêmica pós-imunização. Não notificar ambos.","Clarification: Grade 3, Definition, Navigational Note","Esclarecimento: Grau 3, Definição, Nota de navegação","Carboplatina (após múltiplos ciclos), oxaliplatina, taxanos"
principal,43,CTCAE v6.0 (MedDRA 28.0),10034570,Peripheral edema,Edema periférico [substitui 'Edema limbs' da v5.0],General disorders and administration site conditions,Distúrbios gerais e condições no local de administração,Swelling or obscuration of anatomic architecture on close inspection,Readily apparent obscuration of anatomic architecture; obliteration of skin folds; readily apparent deviation from normal anatomic contour; limiting instrumental ADL or mild/moderate impact on age-appropriate normal daily activity (pediatric),Gross deviation from normal anatomic contour; limiting self-care ADL or severe impact on age-appropriate normal daily activity (pediatric),-,-,Inchaço ou apagamento da arquitetura anatômica à inspeção próxima,Apagamento da arquitetura anatômica facilmente perceptível; obliteração das pregas cutâneas; desvio do contorno anatômico normal facilmente perceptível; limitando AVD instrumental ou impacto leve/moderado na atividade diária normal apropriada para a idade (pediátrico),Desvio grosseiro do contorno anatômico normal; limitando AVD de autocuidado ou impacto grave na atividade diária normal apropriada para a idade (pediátrico),-,-,A disorder characterized by swelling due to excessive fluid accumulation in the body periphery.,Distúrbio caracterizado por inchaço devido a acúmulo excessivo de líquido na periferia do corpo.,Consider Cardiac disorders: Heart failure; Record final diagnosis/cause once determined.,Considerar Distúrbios cardíacos: Insuficiência cardíaca; registrar o diagnóstico/causa final quando determinado.,Addition: Term,Adição: Termo,"Docetaxel (retenção hídrica); inibidores de MET (capmatinibe, tepotinibe); corticosteroides"
principal,44,CTCAE v6.0 (MedDRA 28.0),10019211,Headache,Cefaleia,Nervous system disorders,Distúrbios do sistema nervoso,Mild pain,Moderate pain; limiting instrumental ADL or mild/moderate impact on age-appropriate normal daily activity (pediatric),Severe pain; limiting self-care ADL or severe impact on age-appropriate normal daily activity (pediatric),-,-,Dor leve,Dor moderada; limitando AVD instrumental ou impacto leve/moderado na atividade diária normal apropriada para a idade (pediátrico),Dor intensa; limitando AVD de autocuidado ou impacto grave na atividade diária normal apropriada para a idade (pediátrico),-,-,"A disorder characterized by a sensation of marked discomfort in various parts of the head, not confined to the area of distribution of any nerve.","Distúrbio caracterizado por sensação de desconforto acentuado em várias partes da cabeça, não restrita à área de distribuição de qualquer nervo.",-,-,"Clarification: Grade 2, 3","Esclarecimento: Grau 2, 3",Antagonistas 5-HT3 (suporte); TKIs; ICI (descartar hipofisite)
principal,45,CTCAE v6.0 (MedDRA 28.0),10013573,Dizziness,Tontura,Nervous system disorders,Distúrbios do sistema nervoso,Mild unsteadiness or sensation of movement,Moderate unsteadiness or sensation of movement; limiting instrumental ADL or mild/moderate impact on age-appropriate normal daily activity (pediatric),Severe unsteadiness or sensation of movement; limiting self-care ADL or severe impact on age-appropriate normal daily activity (pediatric),-,-,Instabilidade leve ou sensação de movimento,Instabilidade moderada ou sensação de movimento; limitando AVD instrumental ou impacto leve/moderado na atividade diária normal apropriada para a idade (pediátrico),Instabilidade grave ou sensação de movimento; limitando AVD de autocuidado ou impacto grave na atividade diária normal apropriada para a idade (pediátrico),-,-,"A disorder characterized by a disturbing sensation of lightheadedness, unsteadiness, giddiness, spinning or rocking.","Distúrbio caracterizado por sensação perturbadora de cabeça leve, instabilidade, atordoamento, giro ou balanço.",Record final diagnosis/cause once determined.,Registrar o diagnóstico/causa final quando determinado.,"Addition: Navigational Note; Clarification: Grade 2, 3","Adição: Nota de navegação; Esclarecimento: Grau 2, 3","Antiandrogênicos de nova geração (enzalutamida, apalutamida — quedas); medicações de suporte"
principal,46,CTCAE v6.0 (MedDRA 28.0),10016558,Fever,Febre,General disorders and administration site conditions,Distúrbios gerais e condições no local de administração,38.0 - 39.0 degrees C (100.4 - 102.2 degrees F),>39.0 - 40.0 degrees C (102.3 - 104.0 degrees F),>40.0 degrees C (>104.0 degrees F) for <=24 hrs,>40.0 degrees C (>104.0 degrees F) for >24 hrs,Death,38.0 - 39.0 graus C (100.4 - 102.2 graus F),>39.0 - 40.0 graus C (102.3 - 104.0 graus F),>40.0 graus C (>104.0 graus F) por <=24 h,>40.0 graus C (>104.0 graus F) por >24 h,Óbito,A disorder characterized by elevation of the body's temperature above the upper limit of normal.,Distúrbio caracterizado por elevação da temperatura corporal acima do limite superior da normalidade.,"Consider Injury, poisoning and procedural complications: Infusion related reaction.","Considerar Lesões, intoxicações e complicações de procedimentos: Reação relacionada à infusão.",Addition: Navigational Note,Adição: Nota de navegação,Gencitabina; ICI; bleomicina; infecção/neutropenia febril (considerar)
principal,47,CTCAE v6.0 (MedDRA 28.0),10040047,Sepsis,Sepse [termo específico; não substitui infecção genérica],Infections and infestations,Infecções e infestações,-,-,IV intervention indicated,Life-threatening consequences,Death,-,-,Intervenção IV indicada,Consequências com risco à vida,Óbito,A disorder characterized by the presence of pathogenic microorganisms in the blood stream that cause varying degrees of organ dysfunction due to a dysregulated host response to infection.,Distúrbio caracterizado pela presença de microrganismos patogênicos na corrente sanguínea que causam graus variados de disfunção orgânica devido a uma resposta desregulada do hospedeiro à infecção.,Consider Infections and infestations: Bacteremia (Grade 2).,Considerar Infecções e infestações: Bacteremia (Grau 2).,"Clarification: Grade 3, 4, Definition, Navigational Note","Esclarecimento: Grau 3, 4, Definição, Nota de navegação",Qualquer quimioterapia mielossupressora (associada a neutropenia)
principal,48,CTCAE v6.0 (MedDRA 28.0),10064774,Infusion site extravasation,Extravasamento no local de infusão,General disorders and administration site conditions,Distúrbios gerais e condições no local de administração,Painless edema,"Erythema with associated symptoms (e.g., edema, pain, induration, phlebitis)",Ulceration or necrosis; severe tissue damage; operative intervention indicated,Life-threatening consequences; urgent intervention indicated,Death,Edema indolor,"Eritema com sintomas associados (p. ex., edema, dor, induração, flebite)",Ulceração ou necrose; dano tecidual grave; intervenção cirúrgica indicada,Consequências com risco à vida; intervenção urgente indicada,Óbito,"A disorder characterized by leakage of the infusion into the surrounding tissue. Signs and symptoms may include induration, erythema, swelling, burning sensation and marked discomfort at the infusion site.","Distúrbio caracterizado por extravasamento da infusão para o tecido circundante. Sinais e sintomas podem incluir induração, eritema, inchaço, sensação de queimação e desconforto acentuado no local da infusão.",-,-,No Change,Sem alteração,"Vesicantes: antraciclinas (doxorrubicina, epirrubicina), alcaloides da vinca, mitomicina; também taxanos e oxaliplatina"
principal,49,CTCAE v6.0 (MedDRA 28.0),10034966,Photosensitivity,Fotossensibilidade,Skin and subcutaneous tissue disorders,Distúrbios da pele e do tecido subcutâneo,Painless erythema,Tender erythema,"Erythema with blistering; oral corticosteroid therapy indicated; pain control indicated (e.g., narcotics or NSAIDs)",Life-threatening consequences; urgent intervention indicated,Death,Eritema indolor,Eritema doloroso ao toque,"Eritema com bolhas; corticoterapia oral indicada; controle da dor indicado (p. ex., narcóticos ou AINEs)",Consequências com risco à vida; intervenção urgente indicada,Óbito,A disorder characterized by an increase in sensitivity of the skin to light.,Distúrbio caracterizado por aumento da sensibilidade da pele à luz.,-,-,"Clarification: Grade 1, 2, 3","Esclarecimento: Grau 1, 2, 3",Vemurafenibe; 5-FU/capecitabina; vandetanibe; metotrexato
principal,50,CTCAE v6.0 (MedDRA 28.0),10034016,Paronychia,Paroníquia,Infections and infestations,Infecções e infestações,Nail fold edema or erythema; disruption of the cuticle,"Local intervention indicated; oral intervention indicated (e.g., antibiotic, antifungal, antiviral); nail fold edema or erythema with pain; associated with discharge or nail plate separation; limiting instrumental ADL or mild/moderate impact on age-appropriate normal daily activity (pediatric)",Operative intervention indicated; IV antibiotics indicated; limiting self-care ADL or severe impact on age-appropriate normal daily activity (pediatric),-,-,Edema ou eritema da prega ungueal; ruptura da cutícula,"Intervenção local indicada; intervenção oral indicada (p. ex., antibiótico, antifúngico, antiviral); edema ou eritema da prega ungueal com dor; associada a secreção ou descolamento da lâmina ungueal; limitando AVD instrumental ou impacto leve/moderado na atividade diária normal apropriada para a idade (pediátrico)",Intervenção cirúrgica indicada; antibióticos IV indicados; limitando AVD de autocuidado ou impacto grave na atividade diária normal apropriada para a idade (pediátrico),-,-,A disorder characterized by an infectious process involving the soft tissues around the nail.,Distúrbio caracterizado por processo infeccioso envolvendo os tecidos moles ao redor da unha.,-,-,"Clarification: Grade 2, 3","Esclarecimento: Grau 2, 3","Anti-EGFR (cetuximabe, panitumumabe); TKIs EGFR (erlotinibe, gefitinibe, afatinibe, osimertinibe); docetaxel"
complementar,51,CTCAE v6.0 (MedDRA 28.0),10019279,Heart failure,Insuficiência cardíaca,Cardiac disorders,Distúrbios cardíacos,Mild symptoms; no initiation or intensification of treatment,Outpatient initiation or intensification of treatment,Hospitalization indicated,"Requiring inotropic support, mechanical circulatory support, or consideration of cardiac transplantation",Death,Sintomas leves; sem início ou intensificação de tratamento,Início ou intensificação de tratamento em regime ambulatorial,Hospitalização indicada,"Necessidade de suporte inotrópico, suporte circulatório mecânico ou consideração de transplante cardíaco",Óbito,"A disorder characterized by the inability of the heart to pump blood at an adequate volume to meet tissue metabolic requirements, or, the ability to do so only at an elevation in the filling pressure.",Distúrbio caracterizado pela incapacidade do coração de bombear sangue em volume adequado para atender às necessidades metabólicas dos tecidos ou pela capacidade de fazê-lo apenas com elevação da pressão de enchimento.,"If asymptomatic, consider Cardiac disorders: Left ventricular dysfunction.","Se assintomático, considerar Distúrbios cardíacos: Disfunção ventricular esquerda.","Clarification: Grade 1, 2, 3, 4, Navigational Note","Esclarecimento: Grau 1, 2, 3, 4, Nota de navegação",Antraciclinas; trastuzumabe e outros anti-HER2; ICI (miocardite); TKIs anti-VEGFR (sunitinibe)
complementar,52,CTCAE v6.0 (MedDRA 28.0),10069339,Acute kidney injury,Lesão renal aguda,Renal and urinary disorders,Distúrbios renais e urinários,-,-,Hospitalization indicated,Life-threatening consequences; dialysis indicated,Death,-,-,Hospitalização indicada,Consequências com risco à vida; diálise indicada,Óbito,A disorder characterized by the acute loss of renal function (within 2 weeks).,Distúrbio caracterizado pela perda aguda da função renal (em até 2 semanas).,Consider Investigations: Creatinine increased; Renal and urinary disorders: Tubulointerstitial nephritis.,Considerar Investigações: Creatinina aumentada; Distúrbios renais e urinários: Nefrite tubulointersticial.,"Clarification: Definition, Navigational Note","Esclarecimento: Definição, Nota de navegação","Cisplatina, ifosfamida, pemetrexede, metotrexato em alta dose; ICI (nefrite)"
complementar,53,CTCAE v6.0 (MedDRA 28.0),10012601,Diabetes mellitus,Diabetes mellitus,Metabolism and nutrition disorders,Distúrbios do metabolismo e da nutrição,Abnormal glucose above baseline; diet changes only; no change in baseline diabetic management,Oral antiglycemic agent initiated; insulin sliding scale initiated,Insulin therapy initiated or increased; hospitalization indicated,Life-threatening consequences; urgent intervention indicated; diabetic ketoacidosis,Death,Glicose anormal acima do basal; apenas mudanças dietéticas; sem mudança no manejo basal do diabetes,Antiglicemiante oral iniciado; escala móvel de insulina iniciada,Insulinoterapia iniciada ou aumentada; hospitalização indicada,Consequências com risco à vida; intervenção urgente indicada; cetoacidose diabética,Óbito,A disorder characterized by increased Hgb A1C that may result in organ damage.,Distúrbio caracterizado por HbA1c aumentada que pode resultar em dano a órgãos.,Consider Metabolism and nutrition disorders: Hyperglycemia.,Considerar Distúrbios do metabolismo e da nutrição: Hiperglicemia.,Addition: Term,Adição: Termo,ICI (diabetes autoimune); corticosteroides; alpelisibe
complementar,54,CTCAE v6.0 (MedDRA 28.0),10047896,Weight gain,Ganho de peso,Investigations,Investigações (exames),5 - <10% from baseline,10 - <20% from baseline,>=20% from baseline,-,-,5 - <10% em relação ao basal,10 - <20% em relação ao basal,>=20% em relação ao basal,-,-,"A finding characterized by an unexpected or abnormal increase in overall body weight; for pediatrics, percentages represent the absolute increase above that expected from the baseline growth curve (not change in growth percentiles).","Achado caracterizado por aumento inesperado ou anormal do peso corporal total; em pediatria, os percentuais representam o aumento absoluto acima do esperado pela curva de crescimento basal (não a mudança de percentis de crescimento).",-,-,Clarification: Definition; Deletion: Navigational Note,Esclarecimento: Definição; Exclusão: Nota de navegação,Corticosteroides; acetato de megestrol
complementar,55,CTCAE v6.0 (MedDRA 28.0),10022437,Insomnia,Insônia,Psychiatric disorders,Distúrbios psiquiátricos,"Mild difficulty falling asleep, staying asleep or waking up early","Moderate difficulty falling asleep, staying asleep or waking up early","Severe difficulty in falling asleep, staying asleep or waking up early",-,-,"Dificuldade leve para adormecer, manter o sono ou despertar precoce","Dificuldade moderada para adormecer, manter o sono ou despertar precoce","Dificuldade grave para adormecer, manter o sono ou despertar precoce",-,-,A disorder characterized by difficulty in falling asleep and/or remaining asleep.,Distúrbio caracterizado por dificuldade em adormecer e/ou permanecer dormindo.,-,-,No Change,Sem alteração,Corticosteroides (dexametasona como antiemético/pré-medicação)
